project_id,project_type,land_area,affected_families,legal_disputes,pending_approvals,compensation_percent,rr_progress_percent,possession_percent,environmental_clearance,delay_probability,risk_score,risk_category,predicted_delay_days,is_delayed,is_synthetic
PRJ-SYNTH-01001,Railway,349,180,3,5,68,65,51,IN_REVIEW,0.905,75,HIGH,281,1,True
PRJ-SYNTH-01002,Industrial Corridor,959,235,2,2,59,53,41,APPROVED,0.841,68,HIGH,261,1,True
PRJ-SYNTH-01003,Urban Infrastructure,58,63,5,3,63,45,33,PENDING,0.968,89,CRITICAL,316,1,True
PRJ-SYNTH-01004,Railway,265,133,3,2,89,68,49,IN_REVIEW,0.562,51,MEDIUM,167,1,True
PRJ-SYNTH-01005,Highway,242,141,5,4,49,33,20,APPROVED,0.98,99,CRITICAL,347,1,True
PRJ-SYNTH-01006,Highway,185,97,2,3,37,32,27,APPROVED,0.949,83,CRITICAL,278,1,True
PRJ-SYNTH-01007,Highway,155,66,4,1,37,23,15,APPROVED,0.966,88,CRITICAL,287,1,True
PRJ-SYNTH-01008,Energy & Power,142,53,1,2,91,66,63,IN_REVIEW,0.542,50,MEDIUM,185,1,True
PRJ-SYNTH-01009,Urban Infrastructure,84,105,14,0,47,38,11,APPROVED,0.98,99,CRITICAL,331,1,True
PRJ-SYNTH-01010,Urban Infrastructure,44,56,7,1,58,54,32,APPROVED,0.94,81,CRITICAL,270,1,True
PRJ-SYNTH-01011,Highway,271,158,3,3,38,30,20,REJECTED,0.98,99,CRITICAL,313,1,True
PRJ-SYNTH-01012,Industrial Corridor,1062,244,3,2,94,89,73,PENDING,0.542,50,MEDIUM,190,1,True
PRJ-SYNTH-01013,Energy & Power,284,58,2,3,100,96,88,APPROVED,0.286,37,MEDIUM,0,0,True
PRJ-SYNTH-01014,Highway,256,131,4,1,63,54,43,IN_REVIEW,0.897,74,HIGH,270,1,True
PRJ-SYNTH-01015,Highway,234,114,3,0,83,57,51,IN_REVIEW,0.622,54,MEDIUM,201,1,True
PRJ-SYNTH-01016,Highway,264,124,3,1,44,37,23,IN_REVIEW,0.897,74,HIGH,238,1,True
PRJ-SYNTH-01017,Highway,259,160,3,2,92,60,52,PENDING,0.777,63,HIGH,216,1,True
PRJ-SYNTH-01018,Railway,327,160,4,2,73,51,52,IN_REVIEW,0.862,70,HIGH,255,1,True
PRJ-SYNTH-01019,Railway,430,222,4,2,28,23,15,APPROVED,0.971,90,CRITICAL,300,1,True
PRJ-SYNTH-01020,Highway,172,85,7,3,65,60,31,APPROVED,0.94,81,CRITICAL,277,1,True
PRJ-SYNTH-01021,Urban Infrastructure,40,48,12,2,58,43,11,IN_REVIEW,0.98,99,CRITICAL,321,1,True
PRJ-SYNTH-01022,Highway,126,80,5,1,62,49,31,IN_REVIEW,0.956,85,CRITICAL,292,1,True
PRJ-SYNTH-01023,Highway,161,87,3,0,73,54,56,IN_REVIEW,0.714,59,MEDIUM,203,1,True
PRJ-SYNTH-01024,Railway,112,65,5,0,56,43,33,IN_REVIEW,0.897,74,HIGH,266,1,True
PRJ-SYNTH-01025,Railway,309,152,5,2,52,40,33,APPROVED,0.944,82,CRITICAL,262,1,True
PRJ-SYNTH-01026,Urban Infrastructure,97,93,10,3,56,48,23,APPROVED,0.98,99,CRITICAL,321,1,True
PRJ-SYNTH-01027,Highway,279,122,10,2,41,35,16,APPROVED,0.98,99,CRITICAL,364,1,True
PRJ-SYNTH-01028,Railway,131,65,5,1,41,39,18,REJECTED,0.98,99,CRITICAL,362,1,True
PRJ-SYNTH-01029,Railway,201,99,4,0,86,65,54,IN_REVIEW,0.603,53,MEDIUM,175,1,True
PRJ-SYNTH-01030,Highway,267,127,1,1,49,29,29,APPROVED,0.805,65,HIGH,250,1,True
PRJ-SYNTH-01031,Urban Infrastructure,59,67,9,1,47,40,25,APPROVED,0.963,87,CRITICAL,306,1,True
PRJ-SYNTH-01032,Highway,247,109,3,1,48,37,27,APPROVED,0.889,73,HIGH,272,1,True
PRJ-SYNTH-01033,Highway,98,70,3,1,38,34,23,APPROVED,0.924,78,HIGH,268,1,True
PRJ-SYNTH-01034,Industrial Corridor,1208,299,1,3,100,62,73,APPROVED,0.5,48,MEDIUM,172,1,True
PRJ-SYNTH-01035,Industrial Corridor,458,118,3,2,24,19,14,PENDING,0.98,95,CRITICAL,327,1,True
PRJ-SYNTH-01036,Energy & Power,23,9,2,2,71,55,56,PENDING,0.818,66,HIGH,256,1,True
PRJ-SYNTH-01037,Highway,203,117,4,0,55,41,31,APPROVED,0.881,72,HIGH,249,1,True
PRJ-SYNTH-01038,Highway,205,106,4,0,70,56,54,APPROVED,0.763,62,HIGH,215,1,True
PRJ-SYNTH-01039,Urban Infrastructure,48,64,8,1,48,41,23,IN_REVIEW,0.98,95,CRITICAL,308,1,True
PRJ-SYNTH-01040,Railway,343,171,5,0,69,63,53,IN_REVIEW,0.805,65,HIGH,225,1,True
PRJ-SYNTH-01041,Highway,233,128,3,5,67,45,48,IN_REVIEW,0.93,79,HIGH,302,1,True
PRJ-SYNTH-01042,Railway,332,156,2,3,76,52,45,IN_REVIEW,0.852,69,HIGH,261,1,True
PRJ-SYNTH-01043,Highway,146,76,6,3,99,80,64,APPROVED,0.697,58,MEDIUM,200,1,True
PRJ-SYNTH-01044,Industrial Corridor,589,155,0,0,18,11,12,REJECTED,0.98,96,CRITICAL,334,1,True
PRJ-SYNTH-01045,Highway,153,88,4,2,61,49,43,IN_REVIEW,0.912,76,HIGH,247,1,True
PRJ-SYNTH-01046,Urban Infrastructure,38,43,5,3,32,21,11,IN_REVIEW,0.98,99,CRITICAL,351,1,True
PRJ-SYNTH-01047,Highway,301,151,3,2,42,28,20,APPROVED,0.944,82,CRITICAL,291,1,True
PRJ-SYNTH-01048,Railway,246,118,4,3,35,24,19,REJECTED,0.98,99,CRITICAL,354,1,True
PRJ-SYNTH-01049,Railway,302,174,3,3,53,51,39,APPROVED,0.777,63,HIGH,196,1,True
PRJ-SYNTH-01050,Highway,267,128,4,3,87,80,72,REJECTED,0.93,79,HIGH,293,1,True
PRJ-SYNTH-01051,Industrial Corridor,550,164,2,8,52,46,39,PENDING,0.98,99,CRITICAL,343,1,True
PRJ-SYNTH-01052,Urban Infrastructure,25,33,9,1,60,47,19,PENDING,0.98,99,CRITICAL,364,1,True
PRJ-SYNTH-01053,Industrial Corridor,561,137,2,4,84,64,69,IN_REVIEW,0.791,64,HIGH,227,1,True
PRJ-SYNTH-01054,Energy & Power,251,54,3,1,39,23,21,IN_REVIEW,0.93,79,HIGH,297,1,True
PRJ-SYNTH-01055,Railway,307,145,4,3,39,25,20,REJECTED,0.98,99,CRITICAL,356,1,True
PRJ-SYNTH-01056,Industrial Corridor,879,206,2,3,62,57,53,REJECTED,0.924,78,HIGH,260,1,True
PRJ-SYNTH-01057,Highway,177,106,10,3,4,2,0,IN_REVIEW,0.98,99,CRITICAL,358,1,True
PRJ-SYNTH-01058,Highway,45,35,3,1,100,99,77,APPROVED,0.159,28,LOW,0,0,True
PRJ-SYNTH-01059,Highway,175,74,2,3,62,51,37,APPROVED,0.805,65,HIGH,230,1,True
PRJ-SYNTH-01060,Highway,283,126,1,1,77,56,63,PENDING,0.603,53,MEDIUM,181,1,True
PRJ-SYNTH-01061,Railway,457,238,3,2,55,36,26,IN_REVIEW,0.953,84,CRITICAL,307,1,True
PRJ-SYNTH-01062,Highway,194,126,6,3,71,67,39,APPROVED,0.93,79,HIGH,293,1,True
PRJ-SYNTH-01063,Energy & Power,243,80,1,7,59,43,46,APPROVED,0.935,80,CRITICAL,260,1,True
PRJ-SYNTH-01064,Railway,363,178,6,4,69,43,35,APPROVED,0.953,84,CRITICAL,296,1,True
PRJ-SYNTH-01065,Highway,311,158,4,2,91,63,50,PENDING,0.83,67,HIGH,231,1,True
PRJ-SYNTH-01066,Railway,283,150,2,2,6,3,0,IN_REVIEW,0.98,99,CRITICAL,374,1,True
PRJ-SYNTH-01067,Highway,243,142,8,3,69,43,39,APPROVED,0.96,86,CRITICAL,290,1,True
PRJ-SYNTH-01068,Energy & Power,162,48,2,0,48,30,30,IN_REVIEW,0.805,65,HIGH,235,1,True
PRJ-SYNTH-01069,Highway,99,61,2,4,34,26,20,PENDING,0.977,93,CRITICAL,335,1,True
PRJ-SYNTH-01070,Industrial Corridor,647,159,3,1,24,13,11,APPROVED,0.979,94,CRITICAL,329,1,True
PRJ-SYNTH-01071,Urban Infrastructure,145,148,9,3,53,38,20,APPROVED,0.98,99,CRITICAL,367,1,True
PRJ-SYNTH-01072,Highway,245,105,4,1,66,47,36,APPROVED,0.852,69,HIGH,240,1,True
PRJ-SYNTH-01073,Highway,104,62,5,2,41,30,16,IN_REVIEW,0.98,99,CRITICAL,328,1,True
PRJ-SYNTH-01074,Energy & Power,306,83,2,1,30,23,20,REJECTED,0.98,95,CRITICAL,354,1,True
PRJ-SYNTH-01075,Urban Infrastructure,31,45,10,4,52,34,17,APPROVED,0.98,99,CRITICAL,339,1,True
PRJ-SYNTH-01076,Urban Infrastructure,83,95,10,1,51,38,12,APPROVED,0.98,99,CRITICAL,347,1,True
PRJ-SYNTH-01077,Urban Infrastructure,36,49,10,2,65,47,29,APPROVED,0.98,97,CRITICAL,337,1,True
PRJ-SYNTH-01078,Highway,101,70,7,3,71,64,36,IN_REVIEW,0.966,88,CRITICAL,293,1,True
PRJ-SYNTH-01079,Railway,527,264,1,2,92,78,82,PENDING,0.458,46,MEDIUM,147,1,True
PRJ-SYNTH-01080,Highway,159,80,4,1,75,70,48,APPROVED,0.747,61,HIGH,190,1,True
PRJ-SYNTH-01081,Energy & Power,296,75,0,1,24,20,19,IN_REVIEW,0.924,78,HIGH,280,1,True
PRJ-SYNTH-01082,Urban Infrastructure,68,94,10,4,49,30,15,PENDING,0.98,99,CRITICAL,357,1,True
PRJ-SYNTH-01083,Highway,112,67,2,7,87,69,66,APPROVED,0.805,65,HIGH,231,1,True
PRJ-SYNTH-01084,Highway,167,116,4,0,80,70,54,IN_REVIEW,0.603,53,MEDIUM,194,1,True
PRJ-SYNTH-01085,Highway,113,61,5,0,100,93,59,APPROVED,0.269,36,MEDIUM,0,0,True
PRJ-SYNTH-01086,Highway,482,256,3,2,82,52,60,APPROVED,0.731,60,HIGH,213,1,True
PRJ-SYNTH-01087,Urban Infrastructure,104,125,5,4,23,14,4,APPROVED,0.98,99,CRITICAL,346,1,True
PRJ-SYNTH-01088,Urban Infrastructure,67,75,14,2,4,3,0,IN_REVIEW,0.98,99,CRITICAL,345,1,True
PRJ-SYNTH-01089,Energy & Power,289,69,0,5,66,51,43,APPROVED,0.777,63,HIGH,204,1,True
PRJ-SYNTH-01090,Railway,377,172,1,0,67,50,43,APPROVED,0.417,44,MEDIUM,0,0,True
PRJ-SYNTH-01091,Highway,255,151,4,0,45,34,26,APPROVED,0.889,73,HIGH,251,1,True
PRJ-SYNTH-01092,Urban Infrastructure,98,112,8,5,72,47,33,IN_REVIEW,0.98,99,CRITICAL,339,1,True
PRJ-SYNTH-01093,Urban Infrastructure,93,93,8,4,0,0,0,PENDING,0.98,99,CRITICAL,338,1,True
PRJ-SYNTH-01094,Railway,295,158,4,1,47,41,33,APPROVED,0.881,72,HIGH,246,1,True
PRJ-SYNTH-01095,Urban Infrastructure,152,197,8,7,0,0,0,APPROVED,0.98,99,CRITICAL,340,1,True
PRJ-SYNTH-01096,Railway,303,184,7,1,35,19,10,APPROVED,0.98,99,CRITICAL,349,1,True
PRJ-SYNTH-01097,Railway,289,153,5,1,48,41,24,APPROVED,0.912,76,HIGH,240,1,True
PRJ-SYNTH-01098,Railway,304,135,4,2,85,52,50,APPROVED,0.714,59,MEDIUM,193,1,True
PRJ-SYNTH-01099,Highway,208,105,1,3,32,30,26,APPROVED,0.889,73,HIGH,277,1,True
PRJ-SYNTH-01100,Highway,79,41,8,5,49,38,15,APPROVED,0.98,99,CRITICAL,367,1,True
PRJ-SYNTH-01101,Highway,123,72,9,3,38,33,16,APPROVED,0.98,99,CRITICAL,342,1,True
PRJ-SYNTH-01102,Urban Infrastructure,62,74,12,1,43,35,10,PENDING,0.98,99,CRITICAL,383,1,True
PRJ-SYNTH-01103,Highway,77,57,3,0,50,48,38,APPROVED,0.862,70,HIGH,255,1,True
PRJ-SYNTH-01104,Railway,285,148,2,1,55,52,44,APPROVED,0.583,52,MEDIUM,204,1,True
PRJ-SYNTH-01105,Industrial Corridor,832,195,1,1,47,31,35,APPROVED,0.679,57,MEDIUM,200,1,True
PRJ-SYNTH-01106,Highway,97,55,5,5,66,51,32,IN_REVIEW,0.98,99,CRITICAL,342,1,True
PRJ-SYNTH-01107,Railway,216,120,6,2,83,65,48,APPROVED,0.862,70,HIGH,259,1,True
PRJ-SYNTH-01108,Urban Infrastructure,133,141,10,0,51,32,15,IN_REVIEW,0.98,99,CRITICAL,363,1,True
PRJ-SYNTH-01109,Highway,239,122,7,4,100,94,69,APPROVED,0.763,62,HIGH,212,1,True
PRJ-SYNTH-01110,Highway,233,121,2,3,63,45,49,IN_REVIEW,0.905,75,HIGH,269,1,True
PRJ-SYNTH-01111,Highway,303,156,5,5,77,47,34,APPROVED,0.96,86,CRITICAL,256,1,True
PRJ-SYNTH-01112,Highway,125,65,1,0,44,28,32,APPROVED,0.805,65,HIGH,217,1,True
PRJ-SYNTH-01113,Industrial Corridor,468,120,2,2,59,46,41,IN_REVIEW,0.905,75,HIGH,283,1,True
PRJ-SYNTH-01114,Energy & Power,354,94,4,1,51,47,34,APPROVED,0.905,75,HIGH,254,1,True
PRJ-SYNTH-01115,Urban Infrastructure,63,71,10,1,19,15,0,APPROVED,0.98,99,CRITICAL,345,1,True
PRJ-SYNTH-01116,Energy & Power,137,49,3,3,41,27,24,APPROVED,0.956,85,CRITICAL,295,1,True
PRJ-SYNTH-01117,Energy & Power,557,139,2,3,70,48,48,REJECTED,0.935,80,CRITICAL,263,1,True
PRJ-SYNTH-01118,Highway,79,43,2,2,94,92,66,APPROVED,0.321,39,MEDIUM,0,0,True
PRJ-SYNTH-01119,Energy & Power,241,78,3,0,74,45,47,APPROVED,0.642,55,MEDIUM,189,1,True
PRJ-SYNTH-01120,Railway,261,116,5,2,65,63,39,IN_REVIEW,0.862,70,HIGH,231,1,True
PRJ-SYNTH-01121,Energy & Power,181,63,2,3,40,37,30,IN_REVIEW,0.956,85,CRITICAL,295,1,True
PRJ-SYNTH-01122,Energy & Power,51,15,1,4,75,65,59,IN_REVIEW,0.731,60,HIGH,192,1,True
PRJ-SYNTH-01123,Highway,352,177,3,1,44,41,32,APPROVED,0.905,75,HIGH,261,1,True
PRJ-SYNTH-01124,Highway,88,51,3,2,31,19,11,APPROVED,0.966,88,CRITICAL,306,1,True
PRJ-SYNTH-01125,Highway,164,89,2,3,39,37,24,APPROVED,0.949,83,CRITICAL,320,1,True
PRJ-SYNTH-01126,Railway,235,119,2,2,58,38,41,IN_REVIEW,0.897,74,HIGH,246,1,True
PRJ-SYNTH-01127,Energy & Power,294,96,4,1,45,35,24,APPROVED,0.897,74,HIGH,271,1,True
PRJ-SYNTH-01128,Energy & Power,82,21,1,1,70,55,57,APPROVED,0.479,47,MEDIUM,142,1,True
PRJ-SYNTH-01129,Highway,229,124,8,2,43,33,11,APPROVED,0.98,99,CRITICAL,383,1,True
PRJ-SYNTH-01130,Railway,306,162,4,1,65,44,42,APPROVED,0.777,63,HIGH,226,1,True
PRJ-SYNTH-01131,Railway,211,86,2,0,54,48,32,APPROVED,0.731,60,HIGH,213,1,True
PRJ-SYNTH-01132,Highway,225,122,2,2,60,52,43,IN_REVIEW,0.679,57,MEDIUM,208,1,True
PRJ-SYNTH-01133,Highway,188,102,7,1,29,27,13,APPROVED,0.98,96,CRITICAL,336,1,True
PRJ-SYNTH-01134,Highway,390,206,3,5,96,75,55,PENDING,0.889,73,HIGH,249,1,True
PRJ-SYNTH-01135,Industrial Corridor,715,178,1,2,22,16,13,APPROVED,0.973,91,CRITICAL,304,1,True
PRJ-SYNTH-01136,Highway,115,61,3,1,100,95,77,APPROVED,0.195,31,LOW,0,0,True
PRJ-SYNTH-01137,Railway,343,158,7,5,66,62,48,APPROVED,0.98,98,CRITICAL,361,1,True
PRJ-SYNTH-01138,Urban Infrastructure,54,80,16,1,1,0,0,APPROVED,0.98,99,CRITICAL,318,1,True
PRJ-SYNTH-01139,Railway,283,151,3,0,62,56,49,APPROVED,0.697,58,MEDIUM,236,1,True
PRJ-SYNTH-01140,Industrial Corridor,469,118,5,2,63,49,41,PENDING,0.968,89,CRITICAL,298,1,True
PRJ-SYNTH-01141,Industrial Corridor,946,233,0,2,100,73,68,APPROVED,0.195,31,LOW,0,0,True
PRJ-SYNTH-01142,Highway,148,97,3,5,26,23,13,IN_REVIEW,0.98,99,CRITICAL,335,1,True
PRJ-SYNTH-01143,Railway,316,168,6,2,22,18,3,PENDING,0.98,99,CRITICAL,345,1,True
PRJ-SYNTH-01144,Highway,433,211,6,1,64,42,36,APPROVED,0.949,83,CRITICAL,295,1,True
PRJ-SYNTH-01145,Highway,166,96,9,0,56,33,20,IN_REVIEW,0.973,91,CRITICAL,315,1,True
PRJ-SYNTH-01146,Highway,258,168,6,3,92,74,49,IN_REVIEW,0.949,83,CRITICAL,293,1,True
PRJ-SYNTH-01147,Urban Infrastructure,59,76,9,4,26,23,3,IN_REVIEW,0.98,99,CRITICAL,348,1,True
PRJ-SYNTH-01148,Railway,212,124,2,5,34,22,19,APPROVED,0.98,97,CRITICAL,347,1,True
PRJ-SYNTH-01149,Highway,325,186,8,1,99,87,51,PENDING,0.872,71,HIGH,255,1,True
PRJ-SYNTH-01150,Highway,67,48,5,1,56,42,38,APPROVED,0.905,75,HIGH,229,1,True
PRJ-SYNTH-01151,Industrial Corridor,1080,275,2,3,43,28,29,IN_REVIEW,0.956,85,CRITICAL,292,1,True
PRJ-SYNTH-01152,Highway,62,49,5,1,75,49,34,APPROVED,0.889,73,HIGH,275,1,True
PRJ-SYNTH-01153,Highway,274,164,9,2,0,0,0,PENDING,0.98,99,CRITICAL,359,1,True
PRJ-SYNTH-01154,Railway,285,144,7,1,63,42,37,APPROVED,0.93,79,HIGH,259,1,True
PRJ-SYNTH-01155,Industrial Corridor,531,140,0,2,49,33,29,IN_REVIEW,0.83,67,HIGH,228,1,True
PRJ-SYNTH-01156,Highway,153,86,5,0,44,31,18,PENDING,0.979,94,CRITICAL,325,1,True
PRJ-SYNTH-01157,Urban Infrastructure,98,104,6,2,88,61,55,APPROVED,0.83,67,HIGH,230,1,True
PRJ-SYNTH-01158,Urban Infrastructure,184,199,8,1,63,39,33,APPROVED,0.96,86,CRITICAL,298,1,True
PRJ-SYNTH-01159,Highway,81,48,4,0,30,21,16,APPROVED,0.944,82,CRITICAL,279,1,True
PRJ-SYNTH-01160,Urban Infrastructure,36,43,6,0,57,44,27,APPROVED,0.905,75,HIGH,247,1,True
PRJ-SYNTH-01161,Railway,152,96,5,5,60,48,28,APPROVED,0.979,94,CRITICAL,360,1,True
PRJ-SYNTH-01162,Urban Infrastructure,59,64,5,1,50,32,24,APPROVED,0.912,76,HIGH,268,1,True
PRJ-SYNTH-01163,Urban Infrastructure,111,94,8,6,28,24,2,APPROVED,0.98,99,CRITICAL,343,1,True
PRJ-SYNTH-01164,Railway,143,82,8,4,58,41,22,IN_REVIEW,0.98,99,CRITICAL,357,1,True
PRJ-SYNTH-01165,Highway,185,91,2,3,79,75,64,APPROVED,0.542,50,MEDIUM,151,1,True
PRJ-SYNTH-01166,Energy & Power,338,107,2,1,73,52,49,PENDING,0.679,57,MEDIUM,207,1,True
PRJ-SYNTH-01167,Highway,152,75,5,1,39,36,20,PENDING,0.98,99,CRITICAL,324,1,True
PRJ-SYNTH-01168,Highway,39,21,6,3,52,38,32,IN_REVIEW,0.98,96,CRITICAL,341,1,True
PRJ-SYNTH-01169,Highway,204,103,3,0,5,2,0,PENDING,0.98,99,CRITICAL,333,1,True
PRJ-SYNTH-01170,Railway,457,228,1,1,100,72,70,PENDING,0.397,43,MEDIUM,0,0,True
PRJ-SYNTH-01171,Urban Infrastructure,31,24,6,2,40,29,18,APPROVED,0.98,98,CRITICAL,382,1,True
PRJ-SYNTH-01172,Highway,71,34,1,4,50,42,34,REJECTED,0.979,94,CRITICAL,331,1,True
PRJ-SYNTH-01173,Railway,323,183,3,1,27,21,15,PENDING,0.975,92,CRITICAL,299,1,True
PRJ-SYNTH-01174,Highway,218,127,1,0,85,79,76,APPROVED,0.088,20,LOW,0,0,True
PRJ-SYNTH-01175,Urban Infrastructure,48,68,16,0,66,53,19,APPROVED,0.98,99,CRITICAL,351,1,True
PRJ-SYNTH-01176,Highway,134,89,4,2,44,29,26,APPROVED,0.94,81,CRITICAL,302,1,True
PRJ-SYNTH-01177,Urban Infrastructure,68,93,4,2,30,28,12,IN_REVIEW,0.98,99,CRITICAL,329,1,True
PRJ-SYNTH-01178,Railway,172,72,6,0,56,48,26,IN_REVIEW,0.897,74,HIGH,287,1,True
PRJ-SYNTH-01179,Industrial Corridor,503,128,1,1,55,39,37,PENDING,0.905,75,HIGH,271,1,True
PRJ-SYNTH-01180,Highway,251,125,5,0,76,73,62,IN_REVIEW,0.622,54,MEDIUM,188,1,True
PRJ-SYNTH-01181,Highway,103,54,2,1,58,56,44,APPROVED,0.5,48,MEDIUM,180,1,True
PRJ-SYNTH-01182,Highway,73,51,8,1,47,29,15,APPROVED,0.979,94,CRITICAL,310,1,True
PRJ-SYNTH-01183,Industrial Corridor,593,153,0,2,81,47,56,APPROVED,0.679,57,MEDIUM,185,1,True
PRJ-SYNTH-01184,Energy & Power,170,49,0,2,25,14,14,APPROVED,0.953,84,CRITICAL,273,1,True
PRJ-SYNTH-01185,Highway,229,121,2,4,54,45,40,IN_REVIEW,0.93,79,HIGH,310,1,True
PRJ-SYNTH-01186,Urban Infrastructure,45,82,15,4,47,40,1,IN_REVIEW,0.98,99,CRITICAL,346,1,True
PRJ-SYNTH-01187,Energy & Power,427,116,0,0,54,46,43,PENDING,0.714,59,MEDIUM,209,1,True
PRJ-SYNTH-01188,Railway,293,159,1,6,70,58,56,IN_REVIEW,0.818,66,HIGH,247,1,True
PRJ-SYNTH-01189,Railway,197,100,1,2,69,48,46,APPROVED,0.603,53,MEDIUM,164,1,True
PRJ-SYNTH-01190,Highway,225,124,5,1,79,51,53,APPROVED,0.805,65,HIGH,215,1,True
PRJ-SYNTH-01191,Highway,335,177,1,0,56,52,38,APPROVED,0.5,48,MEDIUM,173,1,True
PRJ-SYNTH-01192,Energy & Power,303,78,0,1,14,12,9,APPROVED,0.953,84,CRITICAL,319,1,True
PRJ-SYNTH-01193,Industrial Corridor,421,107,3,6,21,13,8,APPROVED,0.98,99,CRITICAL,359,1,True
PRJ-SYNTH-01194,Urban Infrastructure,52,46,7,7,66,43,39,APPROVED,0.98,99,CRITICAL,351,1,True
PRJ-SYNTH-01195,Highway,209,107,4,2,63,46,36,APPROVED,0.889,73,HIGH,259,1,True
PRJ-SYNTH-01196,Highway,244,108,1,3,57,34,42,APPROVED,0.897,74,HIGH,275,1,True
PRJ-SYNTH-01197,Urban Infrastructure,59,66,8,3,49,31,20,APPROVED,0.98,99,CRITICAL,332,1,True
PRJ-SYNTH-01198,Energy & Power,185,63,0,1,48,35,38,APPROVED,0.791,64,HIGH,228,1,True
PRJ-SYNTH-01199,Energy & Power,497,133,3,1,44,29,29,APPROVED,0.83,67,HIGH,241,1,True
PRJ-SYNTH-01200,Urban Infrastructure,97,130,7,2,40,34,18,APPROVED,0.98,95,CRITICAL,328,1,True
PRJ-SYNTH-01201,Urban Infrastructure,85,103,7,3,47,44,26,IN_REVIEW,0.98,99,CRITICAL,344,1,True
PRJ-SYNTH-01202,Highway,142,67,5,1,60,57,41,REJECTED,0.979,94,CRITICAL,304,1,True
PRJ-SYNTH-01203,Highway,106,48,5,1,55,45,36,APPROVED,0.889,73,HIGH,247,1,True
PRJ-SYNTH-01204,Energy & Power,274,78,2,2,53,45,34,APPROVED,0.791,64,HIGH,188,1,True
PRJ-SYNTH-01205,Urban Infrastructure,103,136,7,2,71,55,44,IN_REVIEW,0.953,84,CRITICAL,304,1,True
PRJ-SYNTH-01206,Highway,186,108,2,2,83,53,58,APPROVED,0.642,55,MEDIUM,194,1,True
PRJ-SYNTH-01207,Highway,250,129,2,0,95,79,72,APPROVED,0.182,30,LOW,0,0,True
PRJ-SYNTH-01208,Urban Infrastructure,99,104,11,2,43,30,3,IN_REVIEW,0.98,99,CRITICAL,350,1,True
PRJ-SYNTH-01209,Highway,270,146,2,3,48,27,30,APPROVED,0.935,80,CRITICAL,284,1,True
PRJ-SYNTH-01210,Highway,83,64,2,2,60,49,36,APPROVED,0.763,62,HIGH,211,1,True
PRJ-SYNTH-01211,Railway,242,148,4,4,45,29,28,APPROVED,0.98,97,CRITICAL,318,1,True
PRJ-SYNTH-01212,Urban Infrastructure,89,105,11,1,48,44,11,APPROVED,0.98,99,CRITICAL,353,1,True
PRJ-SYNTH-01213,Urban Infrastructure,68,76,2,3,72,69,60,APPROVED,0.731,60,HIGH,195,1,True
PRJ-SYNTH-01214,Highway,253,157,4,3,61,38,32,APPROVED,0.918,77,HIGH,274,1,True
PRJ-SYNTH-01215,Urban Infrastructure,85,99,8,1,48,28,18,IN_REVIEW,0.98,99,CRITICAL,366,1,True
PRJ-SYNTH-01216,Highway,55,19,1,0,79,47,51,APPROVED,0.438,45,MEDIUM,0,0,True
PRJ-SYNTH-01217,Highway,298,126,3,0,100,95,80,APPROVED,0.111,23,LOW,0,0,True
PRJ-SYNTH-01218,Urban Infrastructure,48,52,10,1,32,20,0,APPROVED,0.98,99,CRITICAL,341,1,True
PRJ-SYNTH-01219,Urban Infrastructure,37,38,8,0,61,46,36,APPROVED,0.949,83,CRITICAL,283,1,True
PRJ-SYNTH-01220,Energy & Power,365,122,4,1,54,32,22,APPROVED,0.944,82,CRITICAL,292,1,True
PRJ-SYNTH-01221,Urban Infrastructure,95,104,8,2,31,22,10,APPROVED,0.98,99,CRITICAL,317,1,True
PRJ-SYNTH-01222,Railway,453,231,3,1,42,36,27,IN_REVIEW,0.918,77,HIGH,257,1,True
PRJ-SYNTH-01223,Highway,210,96,2,3,51,37,30,APPROVED,0.94,81,CRITICAL,272,1,True
PRJ-SYNTH-01224,Railway,241,130,4,3,98,87,74,APPROVED,0.562,51,MEDIUM,184,1,True
PRJ-SYNTH-01225,Highway,199,100,3,0,84,72,64,APPROVED,0.358,41,MEDIUM,0,0,True
PRJ-SYNTH-01226,Highway,111,67,8,3,30,23,8,REJECTED,0.98,99,CRITICAL,348,1,True
PRJ-SYNTH-01227,Industrial Corridor,449,116,2,3,75,65,45,APPROVED,0.777,63,HIGH,218,1,True
PRJ-SYNTH-01228,Railway,214,125,2,3,37,33,30,PENDING,0.966,88,CRITICAL,304,1,True
PRJ-SYNTH-01229,Energy & Power,447,105,1,3,47,42,37,APPROVED,0.818,66,HIGH,235,1,True
PRJ-SYNTH-01230,Urban Infrastructure,47,54,11,3,81,70,39,IN_REVIEW,0.98,99,CRITICAL,356,1,True
PRJ-SYNTH-01231,Urban Infrastructure,18,27,13,2,95,83,51,APPROVED,0.966,88,CRITICAL,324,1,True
PRJ-SYNTH-01232,Railway,265,137,1,1,16,9,7,APPROVED,0.96,86,CRITICAL,300,1,True
PRJ-SYNTH-01233,Railway,222,148,7,2,55,52,27,IN_REVIEW,0.975,92,CRITICAL,337,1,True
PRJ-SYNTH-01234,Railway,438,255,5,1,67,43,29,APPROVED,0.935,80,CRITICAL,303,1,True
PRJ-SYNTH-01235,Highway,341,169,6,0,49,34,27,APPROVED,0.912,76,HIGH,256,1,True
PRJ-SYNTH-01236,Urban Infrastructure,51,50,5,3,61,48,32,APPROVED,0.912,76,HIGH,277,1,True
PRJ-SYNTH-01237,Highway,210,106,1,0,53,33,37,APPROVED,0.777,63,HIGH,211,1,True
PRJ-SYNTH-01238,Highway,217,109,4,2,74,60,44,APPROVED,0.714,59,MEDIUM,224,1,True
PRJ-SYNTH-01239,Urban Infrastructure,64,80,6,0,47,30,16,APPROVED,0.912,76,HIGH,268,1,True
PRJ-SYNTH-01240,Highway,167,87,1,2,77,73,52,REJECTED,0.763,62,HIGH,211,1,True
PRJ-SYNTH-01241,Industrial Corridor,538,130,1,2,88,82,79,APPROVED,0.339,40,MEDIUM,0,0,True
PRJ-SYNTH-01242,Industrial Corridor,360,108,3,1,81,65,47,IN_REVIEW,0.777,63,HIGH,211,1,True
PRJ-SYNTH-01243,Industrial Corridor,537,128,2,1,57,43,32,IN_REVIEW,0.791,64,HIGH,221,1,True
PRJ-SYNTH-01244,Railway,273,146,2,2,5,1,0,REJECTED,0.98,99,CRITICAL,363,1,True
PRJ-SYNTH-01245,Highway,87,56,3,2,72,66,49,APPROVED,0.542,50,MEDIUM,170,1,True
PRJ-SYNTH-01246,Industrial Corridor,825,213,1,2,27,18,20,APPROVED,0.956,85,CRITICAL,290,1,True
PRJ-SYNTH-01247,Railway,291,169,5,6,69,46,45,APPROVED,0.956,85,CRITICAL,324,1,True
PRJ-SYNTH-01248,Industrial Corridor,625,151,0,3,74,72,53,IN_REVIEW,0.679,57,MEDIUM,193,1,True
PRJ-SYNTH-01249,Industrial Corridor,693,176,3,3,55,45,29,IN_REVIEW,0.949,83,CRITICAL,273,1,True
PRJ-SYNTH-01250,Energy & Power,101,42,3,2,62,38,40,APPROVED,0.841,68,HIGH,217,1,True
PRJ-SYNTH-01251,Highway,267,116,4,7,95,86,63,APPROVED,0.763,62,HIGH,205,1,True
PRJ-SYNTH-01252,Railway,391,169,1,2,95,83,82,APPROVED,0.286,37,MEDIUM,0,0,True
PRJ-SYNTH-01253,Energy & Power,112,42,4,0,50,37,25,APPROVED,0.918,77,HIGH,269,1,True
PRJ-SYNTH-01254,Highway,105,59,4,3,11,6,0,APPROVED,0.98,99,CRITICAL,337,1,True
PRJ-SYNTH-01255,Highway,118,62,10,2,89,70,36,APPROVED,0.949,83,CRITICAL,267,1,True
PRJ-SYNTH-01256,Railway,354,212,6,3,16,12,1,IN_REVIEW,0.98,99,CRITICAL,333,1,True
PRJ-SYNTH-01257,Industrial Corridor,864,181,0,4,67,40,40,APPROVED,0.791,64,HIGH,204,1,True
PRJ-SYNTH-01258,Urban Infrastructure,119,116,10,5,48,30,10,APPROVED,0.98,99,CRITICAL,301,1,True
PRJ-SYNTH-01259,Railway,446,223,1,1,74,60,54,IN_REVIEW,0.622,54,MEDIUM,154,1,True
PRJ-SYNTH-01260,Highway,83,67,6,1,88,71,50,APPROVED,0.583,52,MEDIUM,186,1,True
PRJ-SYNTH-01261,Urban Infrastructure,89,76,5,7,59,56,30,PENDING,0.98,99,CRITICAL,341,1,True
PRJ-SYNTH-01262,Industrial Corridor,1122,278,2,2,49,42,28,APPROVED,0.918,77,HIGH,278,1,True
PRJ-SYNTH-01263,Highway,159,84,6,0,63,60,48,APPROVED,0.841,68,HIGH,227,1,True
PRJ-SYNTH-01264,Railway,280,150,3,2,26,18,11,APPROVED,0.968,89,CRITICAL,302,1,True
PRJ-SYNTH-01265,Energy & Power,200,58,1,1,46,41,32,APPROVED,0.642,55,MEDIUM,179,1,True
PRJ-SYNTH-01266,Urban Infrastructure,61,68,10,2,44,26,14,APPROVED,0.98,99,CRITICAL,333,1,True
PRJ-SYNTH-01267,Urban Infrastructure,106,100,5,3,71,49,47,IN_REVIEW,0.96,86,CRITICAL,289,1,True
PRJ-SYNTH-01268,Urban Infrastructure,166,169,7,0,89,74,59,PENDING,0.805,65,HIGH,253,1,True
PRJ-SYNTH-01269,Railway,481,235,3,1,87,76,67,APPROVED,0.358,41,MEDIUM,0,0,True
PRJ-SYNTH-01270,Highway,146,79,7,1,77,62,51,PENDING,0.905,75,HIGH,250,1,True
PRJ-SYNTH-01271,Energy & Power,251,68,2,0,89,69,55,IN_REVIEW,0.397,43,MEDIUM,0,0,True
PRJ-SYNTH-01272,Energy & Power,141,35,2,1,76,52,53,APPROVED,0.562,51,MEDIUM,178,1,True
PRJ-SYNTH-01273,Energy & Power,149,40,3,4,62,41,31,IN_REVIEW,0.963,87,CRITICAL,320,1,True
PRJ-SYNTH-01274,Industrial Corridor,748,200,1,2,38,34,24,APPROVED,0.852,69,HIGH,248,1,True
PRJ-SYNTH-01275,Railway,206,90,2,2,62,39,35,IN_REVIEW,0.918,77,HIGH,271,1,True
PRJ-SYNTH-01276,Railway,219,126,2,2,20,14,11,PENDING,0.98,99,CRITICAL,350,1,True
PRJ-SYNTH-01277,Urban Infrastructure,76,87,6,2,42,39,27,PENDING,0.98,99,CRITICAL,352,1,True
PRJ-SYNTH-01278,Urban Infrastructure,89,88,9,1,53,34,21,APPROVED,0.971,90,CRITICAL,295,1,True
PRJ-SYNTH-01279,Urban Infrastructure,87,97,8,4,54,34,20,APPROVED,0.98,99,CRITICAL,348,1,True
PRJ-SYNTH-01280,Urban Infrastructure,88,117,12,1,31,26,0,PENDING,0.98,99,CRITICAL,350,1,True
PRJ-SYNTH-01281,Energy & Power,106,44,7,7,11,7,0,IN_REVIEW,0.98,99,CRITICAL,352,1,True
PRJ-SYNTH-01282,Highway,128,57,0,1,50,38,38,IN_REVIEW,0.661,56,MEDIUM,188,1,True
PRJ-SYNTH-01283,Railway,287,141,5,0,51,41,29,IN_REVIEW,0.944,82,CRITICAL,305,1,True
PRJ-SYNTH-01284,Highway,295,154,4,4,63,45,33,IN_REVIEW,0.98,95,CRITICAL,335,1,True
PRJ-SYNTH-01285,Railway,668,312,6,2,73,64,48,IN_REVIEW,0.94,81,CRITICAL,277,1,True
PRJ-SYNTH-01286,Highway,214,96,3,3,52,50,29,IN_REVIEW,0.889,73,HIGH,261,1,True
PRJ-SYNTH-01287,Railway,378,196,6,3,46,42,26,APPROVED,0.953,84,CRITICAL,309,1,True
PRJ-SYNTH-01288,Railway,152,76,5,4,41,32,24,IN_REVIEW,0.98,99,CRITICAL,335,1,True
PRJ-SYNTH-01289,Highway,253,130,3,5,58,41,31,APPROVED,0.949,83,CRITICAL,277,1,True
PRJ-SYNTH-01290,Railway,592,303,2,2,85,62,49,PENDING,0.852,69,HIGH,253,1,True
PRJ-SYNTH-01291,Highway,127,87,4,2,32,22,18,PENDING,0.98,96,CRITICAL,350,1,True
PRJ-SYNTH-01292,Highway,143,90,2,1,12,8,5,APPROVED,0.966,88,CRITICAL,306,1,True
PRJ-SYNTH-01293,Energy & Power,334,86,1,4,68,40,40,IN_REVIEW,0.924,78,HIGH,270,1,True
PRJ-SYNTH-01294,Railway,286,129,2,1,91,55,51,PENDING,0.747,61,HIGH,226,1,True
PRJ-SYNTH-01295,Highway,65,52,5,0,65,58,39,APPROVED,0.731,60,HIGH,198,1,True
PRJ-SYNTH-01296,Railway,228,118,1,6,38,26,24,PENDING,0.98,99,CRITICAL,310,1,True
PRJ-SYNTH-01297,Urban Infrastructure,144,146,8,3,50,44,28,APPROVED,0.98,98,CRITICAL,344,1,True
PRJ-SYNTH-01298,Highway,163,80,8,4,54,41,20,APPROVED,0.98,99,CRITICAL,348,1,True
PRJ-SYNTH-01299,Urban Infrastructure,55,69,12,1,64,58,31,IN_REVIEW,0.98,99,CRITICAL,360,1,True
PRJ-SYNTH-01300,Highway,263,134,1,1,41,34,34,PENDING,0.93,79,HIGH,288,1,True
PRJ-SYNTH-01301,Highway,217,114,7,2,93,62,49,APPROVED,0.924,78,HIGH,297,1,True
PRJ-SYNTH-01302,Railway,245,139,4,3,48,36,21,IN_REVIEW,0.979,94,CRITICAL,332,1,True
PRJ-SYNTH-01303,Railway,216,100,3,4,44,37,32,APPROVED,0.966,88,CRITICAL,341,1,True
PRJ-SYNTH-01304,Urban Infrastructure,274,288,10,1,57,38,23,APPROVED,0.975,92,CRITICAL,339,1,True
PRJ-SYNTH-01305,Urban Infrastructure,131,130,7,1,19,11,0,APPROVED,0.98,99,CRITICAL,348,1,True
PRJ-SYNTH-01306,Industrial Corridor,907,235,1,0,100,79,76,APPROVED,0.159,28,LOW,0,0,True
PRJ-SYNTH-01307,Railway,353,166,2,3,73,50,54,PENDING,0.841,68,HIGH,224,1,True
PRJ-SYNTH-01308,Highway,176,106,8,0,46,37,15,IN_REVIEW,0.98,96,CRITICAL,331,1,True
PRJ-SYNTH-01309,Urban Infrastructure,80,87,10,3,25,16,0,IN_REVIEW,0.98,99,CRITICAL,344,1,True
PRJ-SYNTH-01310,Highway,167,80,3,1,55,52,34,APPROVED,0.731,60,HIGH,207,1,True
PRJ-SYNTH-01311,Railway,193,99,1,1,87,63,72,APPROVED,0.253,35,MEDIUM,0,0,True
PRJ-SYNTH-01312,Highway,220,129,10,1,40,37,9,APPROVED,0.98,99,CRITICAL,363,1,True
PRJ-SYNTH-01313,Highway,160,69,2,1,43,29,24,IN_REVIEW,0.924,78,HIGH,284,1,True
PRJ-SYNTH-01314,Industrial Corridor,888,239,1,4,81,65,50,APPROVED,0.731,60,HIGH,200,1,True
PRJ-SYNTH-01315,Energy & Power,297,85,3,3,34,21,21,APPROVED,0.98,98,CRITICAL,353,1,True
PRJ-SYNTH-01316,Urban Infrastructure,87,95,12,1,52,46,13,PENDING,0.98,99,CRITICAL,364,1,True
PRJ-SYNTH-01317,Railway,186,90,2,4,72,48,51,APPROVED,0.912,76,HIGH,276,1,True
PRJ-SYNTH-01318,Highway,152,106,5,3,67,62,35,IN_REVIEW,0.96,86,CRITICAL,279,1,True
PRJ-SYNTH-01319,Highway,162,83,4,1,69,53,49,APPROVED,0.642,55,MEDIUM,177,1,True
PRJ-SYNTH-01320,Highway,284,162,3,2,36,21,20,APPROVED,0.94,81,CRITICAL,291,1,True
PRJ-SYNTH-01321,Railway,407,206,5,2,52,36,21,APPROVED,0.971,90,CRITICAL,332,1,True
PRJ-SYNTH-01322,Urban Infrastructure,41,49,12,4,40,35,3,PENDING,0.98,99,CRITICAL,331,1,True
PRJ-SYNTH-01323,Urban Infrastructure,27,41,10,2,53,33,13,PENDING,0.98,99,CRITICAL,346,1,True
PRJ-SYNTH-01324,Highway,484,239,1,0,18,12,10,APPROVED,0.912,76,HIGH,266,1,True
PRJ-SYNTH-01325,Industrial Corridor,892,247,2,1,27,19,17,IN_REVIEW,0.971,90,CRITICAL,299,1,True
PRJ-SYNTH-01326,Urban Infrastructure,24,32,8,3,100,72,45,APPROVED,0.852,69,HIGH,245,1,True
PRJ-SYNTH-01327,Railway,221,111,2,0,80,71,63,APPROVED,0.303,38,MEDIUM,0,0,True
PRJ-SYNTH-01328,Urban Infrastructure,117,146,10,3,44,25,6,APPROVED,0.98,99,CRITICAL,349,1,True
PRJ-SYNTH-01329,Railway,611,328,9,3,53,39,19,APPROVED,0.98,99,CRITICAL,361,1,True
PRJ-SYNTH-01330,Highway,399,181,3,2,100,78,56,IN_REVIEW,0.417,44,MEDIUM,0,0,True
PRJ-SYNTH-01331,Railway,332,155,0,0,18,9,10,APPROVED,0.949,83,CRITICAL,301,1,True
PRJ-SYNTH-01332,Urban Infrastructure,66,79,3,2,63,40,32,IN_REVIEW,0.889,73,HIGH,261,1,True
PRJ-SYNTH-01333,Highway,112,79,6,2,47,35,22,PENDING,0.98,99,CRITICAL,356,1,True
PRJ-SYNTH-01334,Highway,194,93,4,2,90,72,52,APPROVED,0.603,53,MEDIUM,178,1,True
PRJ-SYNTH-01335,Highway,119,69,7,2,68,41,37,APPROVED,0.935,80,CRITICAL,288,1,True
PRJ-SYNTH-01336,Highway,153,86,6,1,100,59,64,PENDING,0.697,58,MEDIUM,220,1,True
PRJ-SYNTH-01337,Energy & Power,334,94,3,5,80,53,57,APPROVED,0.924,78,HIGH,287,1,True
PRJ-SYNTH-01338,Urban Infrastructure,57,61,4,4,47,36,33,IN_REVIEW,0.98,97,CRITICAL,357,1,True
PRJ-SYNTH-01339,Railway,249,132,5,1,51,30,29,IN_REVIEW,0.949,83,CRITICAL,293,1,True
PRJ-SYNTH-01340,Highway,182,110,4,3,76,66,47,APPROVED,0.862,70,HIGH,269,1,True
PRJ-SYNTH-01341,Railway,723,348,2,1,98,61,59,APPROVED,0.542,50,MEDIUM,170,1,True
PRJ-SYNTH-01342,Railway,170,80,3,3,42,37,27,APPROVED,0.949,83,CRITICAL,286,1,True
PRJ-SYNTH-01343,Highway,211,110,1,4,69,45,44,APPROVED,0.83,67,HIGH,260,1,True
PRJ-SYNTH-01344,Railway,548,273,3,1,11,5,1,PENDING,0.98,99,CRITICAL,353,1,True
PRJ-SYNTH-01345,Railway,277,118,3,2,53,40,31,APPROVED,0.872,71,HIGH,262,1,True
PRJ-SYNTH-01346,Urban Infrastructure,130,157,15,2,85,61,37,APPROVED,0.98,99,CRITICAL,320,1,True
PRJ-SYNTH-01347,Urban Infrastructure,26,45,10,5,87,52,40,APPROVED,0.977,93,CRITICAL,330,1,True
PRJ-SYNTH-01348,Highway,169,87,2,0,80,76,72,IN_REVIEW,0.458,46,MEDIUM,165,1,True
PRJ-SYNTH-01349,Railway,198,109,3,4,100,70,72,IN_REVIEW,0.818,66,HIGH,239,1,True
PRJ-SYNTH-01350,Urban Infrastructure,64,90,18,1,31,19,0,IN_REVIEW,0.98,99,CRITICAL,354,1,True
PRJ-SYNTH-01351,Railway,278,115,1,3,61,38,35,APPROVED,0.818,66,HIGH,225,1,True
PRJ-SYNTH-01352,Energy & Power,226,61,1,2,56,54,50,IN_REVIEW,0.731,60,HIGH,246,1,True
PRJ-SYNTH-01353,Urban Infrastructure,107,88,6,1,72,45,44,PENDING,0.956,85,CRITICAL,285,1,True
PRJ-SYNTH-01354,Highway,52,39,3,4,100,73,76,IN_REVIEW,0.679,57,MEDIUM,195,1,True
PRJ-SYNTH-01355,Highway,138,70,2,3,71,43,48,APPROVED,0.791,64,HIGH,238,1,True
PRJ-SYNTH-01356,Urban Infrastructure,75,86,9,3,22,18,0,PENDING,0.98,99,CRITICAL,331,1,True
PRJ-SYNTH-01357,Highway,66,49,4,1,31,25,15,APPROVED,0.971,90,CRITICAL,314,1,True
PRJ-SYNTH-01358,Railway,363,198,5,4,35,26,19,APPROVED,0.98,99,CRITICAL,358,1,True
PRJ-SYNTH-01359,Industrial Corridor,606,165,2,1,41,36,24,PENDING,0.963,87,CRITICAL,297,1,True
PRJ-SYNTH-01360,Railway,261,120,2,2,39,31,25,IN_REVIEW,0.897,74,HIGH,248,1,True
PRJ-SYNTH-01361,Railway,404,196,3,4,65,61,44,IN_REVIEW,0.918,77,HIGH,276,1,True
PRJ-SYNTH-01362,Urban Infrastructure,133,127,9,2,15,11,0,PENDING,0.98,99,CRITICAL,349,1,True
PRJ-SYNTH-01363,Railway,368,172,5,0,69,49,42,IN_REVIEW,0.805,65,HIGH,218,1,True
PRJ-SYNTH-01364,Railway,168,94,2,2,86,51,55,APPROVED,0.438,45,MEDIUM,0,0,True
PRJ-SYNTH-01365,Industrial Corridor,944,249,2,2,46,38,28,APPROVED,0.935,80,CRITICAL,279,1,True
PRJ-SYNTH-01366,Railway,370,197,6,0,64,45,28,APPROVED,0.912,76,HIGH,281,1,True
PRJ-SYNTH-01367,Industrial Corridor,900,219,5,3,74,59,52,APPROVED,0.889,73,HIGH,241,1,True
PRJ-SYNTH-01368,Industrial Corridor,1244,330,2,3,83,75,74,APPROVED,0.562,51,MEDIUM,166,1,True
PRJ-SYNTH-01369,Highway,194,111,3,2,63,36,31,PENDING,0.956,85,CRITICAL,294,1,True
PRJ-SYNTH-01370,Highway,336,176,2,0,38,32,21,APPROVED,0.697,58,MEDIUM,199,1,True
PRJ-SYNTH-01371,Highway,336,193,11,6,51,37,18,IN_REVIEW,0.98,99,CRITICAL,360,1,True
PRJ-SYNTH-01372,Highway,253,141,5,8,53,33,24,PENDING,0.98,99,CRITICAL,348,1,True
PRJ-SYNTH-01373,Highway,213,112,5,0,60,48,31,IN_REVIEW,0.912,76,HIGH,276,1,True
PRJ-SYNTH-01374,Urban Infrastructure,87,110,15,7,17,12,0,APPROVED,0.98,99,CRITICAL,368,1,True
PRJ-SYNTH-01375,Highway,375,166,5,6,19,16,5,PENDING,0.98,99,CRITICAL,334,1,True
PRJ-SYNTH-01376,Highway,295,159,2,3,11,7,2,APPROVED,0.98,99,CRITICAL,368,1,True
PRJ-SYNTH-01377,Energy & Power,121,34,4,0,15,13,5,APPROVED,0.966,88,CRITICAL,308,1,True
PRJ-SYNTH-01378,Highway,223,115,4,2,13,9,0,APPROVED,0.98,99,CRITICAL,312,1,True
PRJ-SYNTH-01379,Energy & Power,136,34,0,4,90,69,63,IN_REVIEW,0.679,57,MEDIUM,203,1,True
PRJ-SYNTH-01380,Highway,135,56,3,2,66,48,41,IN_REVIEW,0.791,64,HIGH,203,1,True
PRJ-SYNTH-01381,Highway,156,89,7,1,55,35,27,APPROVED,0.912,76,HIGH,246,1,True
PRJ-SYNTH-01382,Urban Infrastructure,24,24,4,2,50,41,35,REJECTED,0.98,95,CRITICAL,317,1,True
PRJ-SYNTH-01383,Urban Infrastructure,36,46,9,2,3,1,0,APPROVED,0.98,99,CRITICAL,345,1,True
PRJ-SYNTH-01384,Energy & Power,444,105,2,0,71,69,47,APPROVED,0.661,56,MEDIUM,177,1,True
PRJ-SYNTH-01385,Urban Infrastructure,43,51,8,2,58,43,23,APPROVED,0.975,92,CRITICAL,341,1,True
PRJ-SYNTH-01386,Energy & Power,333,102,0,2,66,49,41,IN_REVIEW,0.731,60,HIGH,226,1,True
PRJ-SYNTH-01387,Highway,201,93,6,6,36,23,14,APPROVED,0.98,99,CRITICAL,385,1,True
PRJ-SYNTH-01388,Highway,238,107,1,2,46,37,36,APPROVED,0.881,72,HIGH,250,1,True
PRJ-SYNTH-01389,Urban Infrastructure,94,127,12,4,60,55,23,APPROVED,0.98,99,CRITICAL,339,1,True
PRJ-SYNTH-01390,Energy & Power,128,36,4,3,39,26,24,APPROVED,0.975,92,CRITICAL,325,1,True
PRJ-SYNTH-01391,Industrial Corridor,1026,273,2,1,88,50,59,APPROVED,0.542,50,MEDIUM,188,1,True
PRJ-SYNTH-01392,Railway,160,94,5,2,97,84,63,APPROVED,0.642,55,MEDIUM,211,1,True
PRJ-SYNTH-01393,Railway,208,112,3,2,88,52,45,APPROVED,0.805,65,HIGH,218,1,True
PRJ-SYNTH-01394,Urban Infrastructure,93,108,8,0,55,40,24,IN_REVIEW,0.98,95,CRITICAL,347,1,True
PRJ-SYNTH-01395,Highway,112,57,3,3,58,48,39,APPROVED,0.852,69,HIGH,256,1,True
PRJ-SYNTH-01396,Industrial Corridor,341,85,2,2,64,47,44,APPROVED,0.679,57,MEDIUM,243,1,True
PRJ-SYNTH-01397,Energy & Power,262,76,1,2,80,55,59,APPROVED,0.5,48,MEDIUM,189,1,True
PRJ-SYNTH-01398,Railway,134,71,4,2,95,86,62,APPROVED,0.622,54,MEDIUM,217,1,True
PRJ-SYNTH-01399,Urban Infrastructure,98,106,2,2,75,52,40,APPROVED,0.731,60,HIGH,239,1,True
PRJ-SYNTH-01400,Urban Infrastructure,55,64,6,0,13,8,0,APPROVED,0.979,94,CRITICAL,319,1,True
PRJ-SYNTH-01401,Highway,217,108,3,1,37,26,23,APPROVED,0.963,87,CRITICAL,293,1,True
PRJ-SYNTH-01402,Industrial Corridor,857,219,3,1,56,34,37,APPROVED,0.881,72,HIGH,267,1,True
PRJ-SYNTH-01403,Railway,383,193,2,2,86,73,74,IN_REVIEW,0.521,49,MEDIUM,166,1,True
PRJ-SYNTH-01404,Energy & Power,298,95,0,2,100,87,69,APPROVED,0.17,29,LOW,0,0,True
PRJ-SYNTH-01405,Highway,111,66,8,1,54,32,18,APPROVED,0.944,82,CRITICAL,285,1,True
PRJ-SYNTH-01406,Energy & Power,193,49,1,1,80,69,69,APPROVED,0.223,33,LOW,0,0,True
PRJ-SYNTH-01407,Railway,324,150,5,7,18,11,4,IN_REVIEW,0.98,99,CRITICAL,351,1,True
PRJ-SYNTH-01408,Highway,339,182,8,2,35,28,6,APPROVED,0.98,99,CRITICAL,357,1,True
PRJ-SYNTH-01409,Industrial Corridor,952,226,1,5,72,61,52,APPROVED,0.791,64,HIGH,206,1,True
PRJ-SYNTH-01410,Highway,326,169,4,0,7,3,0,IN_REVIEW,0.98,99,CRITICAL,327,1,True
PRJ-SYNTH-01411,Highway,222,136,4,5,65,42,42,APPROVED,0.905,75,HIGH,261,1,True
PRJ-SYNTH-01412,Industrial Corridor,1110,254,2,2,52,45,40,IN_REVIEW,0.956,85,CRITICAL,299,1,True
PRJ-SYNTH-01413,Industrial Corridor,837,232,2,0,63,54,50,IN_REVIEW,0.791,64,HIGH,249,1,True
PRJ-SYNTH-01414,Railway,426,189,1,3,45,40,32,PENDING,0.963,87,CRITICAL,310,1,True
PRJ-SYNTH-01415,Urban Infrastructure,53,58,6,2,69,52,37,IN_REVIEW,0.935,80,CRITICAL,283,1,True
PRJ-SYNTH-01416,Railway,513,264,3,5,86,64,52,APPROVED,0.889,73,HIGH,251,1,True
PRJ-SYNTH-01417,Highway,233,125,3,3,79,57,48,APPROVED,0.791,64,HIGH,231,1,True
PRJ-SYNTH-01418,Highway,89,64,6,0,73,57,52,APPROVED,0.731,60,HIGH,206,1,True
PRJ-SYNTH-01419,Urban Infrastructure,82,83,8,5,67,56,27,APPROVED,0.98,99,CRITICAL,328,1,True
PRJ-SYNTH-01420,Urban Infrastructure,95,118,11,2,48,43,14,APPROVED,0.98,99,CRITICAL,362,1,True
PRJ-SYNTH-01421,Urban Infrastructure,109,128,9,1,40,25,12,APPROVED,0.98,99,CRITICAL,339,1,True
PRJ-SYNTH-01422,Urban Infrastructure,182,195,9,3,74,54,34,APPROVED,0.973,91,CRITICAL,312,1,True
PRJ-SYNTH-01423,Highway,146,82,5,3,35,26,20,APPROVED,0.98,95,CRITICAL,311,1,True
PRJ-SYNTH-01424,Railway,587,305,5,3,70,52,38,IN_REVIEW,0.93,79,HIGH,282,1,True
PRJ-SYNTH-01425,Highway,186,98,6,3,67,53,45,PENDING,0.956,85,CRITICAL,323,1,True
PRJ-SYNTH-01426,Railway,203,110,3,3,34,30,24,APPROVED,0.953,84,CRITICAL,268,1,True
PRJ-SYNTH-01427,Railway,229,93,1,3,39,36,24,APPROVED,0.94,81,CRITICAL,259,1,True
PRJ-SYNTH-01428,Energy & Power,291,79,1,2,76,49,49,PENDING,0.805,65,HIGH,233,1,True
PRJ-SYNTH-01429,Railway,190,113,5,1,62,53,35,APPROVED,0.905,75,HIGH,266,1,True
PRJ-SYNTH-01430,Highway,159,88,0,1,73,56,54,APPROVED,0.521,49,MEDIUM,164,1,True
PRJ-SYNTH-01431,Highway,217,118,4,4,53,39,30,APPROVED,0.966,88,CRITICAL,299,1,True
PRJ-SYNTH-01432,Urban Infrastructure,152,177,9,3,89,55,51,APPROVED,0.93,79,HIGH,280,1,True
PRJ-SYNTH-01433,Urban Infrastructure,107,119,7,6,69,41,27,APPROVED,0.98,99,CRITICAL,318,1,True
PRJ-SYNTH-01434,Highway,190,116,5,1,91,89,57,PENDING,0.679,57,MEDIUM,179,1,True
PRJ-SYNTH-01435,Highway,239,113,4,1,52,43,26,APPROVED,0.881,72,HIGH,236,1,True
PRJ-SYNTH-01436,Urban Infrastructure,77,78,2,1,86,66,66,REJECTED,0.841,68,HIGH,232,1,True
PRJ-SYNTH-01437,Highway,103,63,5,3,49,43,34,APPROVED,0.953,84,CRITICAL,288,1,True
PRJ-SYNTH-01438,Energy & Power,489,124,3,1,52,31,27,IN_REVIEW,0.94,81,CRITICAL,244,1,True
PRJ-SYNTH-01439,Urban Infrastructure,153,168,7,2,23,17,0,APPROVED,0.98,99,CRITICAL,326,1,True
PRJ-SYNTH-01440,Highway,180,91,2,0,73,62,46,APPROVED,0.458,46,MEDIUM,169,1,True
PRJ-SYNTH-01441,Highway,150,88,6,1,30,22,6,APPROVED,0.98,99,CRITICAL,354,1,True
PRJ-SYNTH-01442,Industrial Corridor,494,128,3,4,45,30,26,PENDING,0.98,99,CRITICAL,359,1,True
PRJ-SYNTH-01443,Railway,364,206,1,6,29,26,19,IN_REVIEW,0.98,99,CRITICAL,354,1,True
PRJ-SYNTH-01444,Railway,365,173,3,3,13,7,3,APPROVED,0.98,99,CRITICAL,344,1,True
PRJ-SYNTH-01445,Energy & Power,139,35,4,1,56,36,26,APPROVED,0.924,78,HIGH,258,1,True
PRJ-SYNTH-01446,Industrial Corridor,838,215,3,4,42,33,30,IN_REVIEW,0.975,92,CRITICAL,307,1,True
PRJ-SYNTH-01447,Industrial Corridor,1016,266,3,4,68,53,42,PENDING,0.963,87,CRITICAL,291,1,True
PRJ-SYNTH-01448,Urban Infrastructure,47,62,16,2,39,34,3,IN_REVIEW,0.98,99,CRITICAL,358,1,True
PRJ-SYNTH-01449,Railway,260,138,3,1,86,76,73,APPROVED,0.438,45,MEDIUM,0,0,True
PRJ-SYNTH-01450,Highway,169,97,5,3,100,83,81,APPROVED,0.479,47,MEDIUM,150,1,True
PRJ-SYNTH-01451,Urban Infrastructure,40,40,9,1,80,54,45,APPROVED,0.924,78,HIGH,278,1,True
PRJ-SYNTH-01452,Railway,262,143,4,0,59,54,33,APPROVED,0.841,68,HIGH,247,1,True
PRJ-SYNTH-01453,Railway,136,88,7,0,71,48,28,APPROVED,0.93,79,HIGH,284,1,True
PRJ-SYNTH-01454,Industrial Corridor,697,186,3,1,93,57,63,APPROVED,0.731,60,HIGH,223,1,True
PRJ-SYNTH-01455,Highway,166,76,6,7,43,30,23,APPROVED,0.98,99,CRITICAL,347,1,True
PRJ-SYNTH-01456,Railway,276,159,2,3,84,65,51,PENDING,0.83,67,HIGH,230,1,True
PRJ-SYNTH-01457,Highway,231,122,6,2,88,58,59,PENDING,0.897,74,HIGH,260,1,True
PRJ-SYNTH-01458,Railway,162,80,5,0,59,42,34,APPROVED,0.881,72,HIGH,267,1,True
PRJ-SYNTH-01459,Highway,110,57,3,1,72,57,41,APPROVED,0.661,56,MEDIUM,207,1,True
PRJ-SYNTH-01460,Highway,127,69,3,1,100,72,58,APPROVED,0.321,39,MEDIUM,0,0,True
PRJ-SYNTH-01461,Highway,95,59,7,0,38,23,7,PENDING,0.98,99,CRITICAL,363,1,True
PRJ-SYNTH-01462,Urban Infrastructure,94,117,13,0,38,24,0,APPROVED,0.98,99,CRITICAL,374,1,True
PRJ-SYNTH-01463,Urban Infrastructure,46,62,11,2,62,56,32,APPROVED,0.98,99,CRITICAL,384,1,True
PRJ-SYNTH-01464,Railway,279,165,2,1,39,36,24,APPROVED,0.93,79,HIGH,314,1,True
PRJ-SYNTH-01465,Industrial Corridor,554,142,3,4,58,36,34,APPROVED,0.905,75,HIGH,310,1,True
PRJ-SYNTH-01466,Railway,242,141,2,2,31,25,21,APPROVED,0.94,81,CRITICAL,303,1,True
PRJ-SYNTH-01467,Highway,213,106,3,4,13,11,5,APPROVED,0.98,99,CRITICAL,306,1,True
PRJ-SYNTH-01468,Energy & Power,262,65,3,4,66,46,43,IN_REVIEW,0.935,80,CRITICAL,283,1,True
PRJ-SYNTH-01469,Highway,112,53,1,1,30,27,22,APPROVED,0.841,68,HIGH,215,1,True
PRJ-SYNTH-01470,Industrial Corridor,744,183,2,2,38,34,31,APPROVED,0.949,83,CRITICAL,315,1,True
PRJ-SYNTH-01471,Highway,123,92,6,2,81,57,42,APPROVED,0.862,70,HIGH,240,1,True
PRJ-SYNTH-01472,Industrial Corridor,734,182,3,0,64,38,32,APPROVED,0.881,72,HIGH,258,1,True
PRJ-SYNTH-01473,Highway,136,67,1,1,62,59,56,APPROVED,0.583,52,MEDIUM,179,1,True
PRJ-SYNTH-01474,Energy & Power,504,136,1,4,54,38,31,APPROVED,0.93,79,HIGH,303,1,True
PRJ-SYNTH-01475,Railway,391,226,4,3,97,56,49,APPROVED,0.881,72,HIGH,234,1,True
PRJ-SYNTH-01476,Industrial Corridor,880,212,2,4,100,76,68,IN_REVIEW,0.661,56,MEDIUM,206,1,True
PRJ-SYNTH-01477,Highway,163,80,5,4,72,45,37,APPROVED,0.96,86,CRITICAL,285,1,True
PRJ-SYNTH-01478,Railway,396,227,2,1,0,0,0,APPROVED,0.98,99,CRITICAL,314,1,True
PRJ-SYNTH-01479,Industrial Corridor,752,192,3,3,59,37,28,PENDING,0.966,88,CRITICAL,310,1,True
PRJ-SYNTH-01480,Railway,538,251,4,2,32,20,13,IN_REVIEW,0.98,97,CRITICAL,321,1,True
PRJ-SYNTH-01481,Urban Infrastructure,113,105,5,0,46,41,31,REJECTED,0.979,94,CRITICAL,306,1,True
PRJ-SYNTH-01482,Urban Infrastructure,52,48,5,1,69,63,49,APPROVED,0.777,63,HIGH,196,1,True
PRJ-SYNTH-01483,Railway,513,264,1,0,66,60,54,APPROVED,0.521,49,MEDIUM,165,1,True
PRJ-SYNTH-01484,Urban Infrastructure,56,59,10,0,15,11,0,APPROVED,0.98,99,CRITICAL,360,1,True
PRJ-SYNTH-01485,Railway,575,271,6,1,38,35,17,IN_REVIEW,0.98,99,CRITICAL,324,1,True
PRJ-SYNTH-01486,Industrial Corridor,1310,301,3,1,89,68,53,APPROVED,0.521,49,MEDIUM,187,1,True
PRJ-SYNTH-01487,Highway,213,100,3,3,100,90,75,APPROVED,0.223,33,LOW,0,0,True
PRJ-SYNTH-01488,Highway,83,54,0,2,99,73,75,IN_REVIEW,0.321,39,MEDIUM,0,0,True
PRJ-SYNTH-01489,Industrial Corridor,828,207,3,2,26,23,15,IN_REVIEW,0.977,93,CRITICAL,343,1,True
PRJ-SYNTH-01490,Energy & Power,116,37,0,2,56,48,50,PENDING,0.897,74,HIGH,273,1,True
PRJ-SYNTH-01491,Railway,216,116,6,1,37,22,9,REJECTED,0.98,99,CRITICAL,358,1,True
PRJ-SYNTH-01492,Urban Infrastructure,46,62,7,2,71,45,33,IN_REVIEW,0.979,94,CRITICAL,332,1,True
PRJ-SYNTH-01493,Highway,106,53,4,1,51,48,35,APPROVED,0.805,65,HIGH,211,1,True
PRJ-SYNTH-01494,Highway,206,111,6,2,30,26,12,APPROVED,0.98,99,CRITICAL,365,1,True
PRJ-SYNTH-01495,Railway,206,102,3,2,97,69,52,APPROVED,0.622,54,MEDIUM,189,1,True
PRJ-SYNTH-01496,Railway,256,112,1,1,49,38,30,APPROVED,0.818,66,HIGH,233,1,True
PRJ-SYNTH-01497,Railway,224,118,6,4,81,75,62,APPROVED,0.818,66,HIGH,236,1,True
PRJ-SYNTH-01498,Highway,231,131,9,0,36,21,6,APPROVED,0.98,99,CRITICAL,361,1,True
PRJ-SYNTH-01499,Industrial Corridor,885,231,2,1,81,50,49,APPROVED,0.661,56,MEDIUM,171,1,True
PRJ-SYNTH-01500,Industrial Corridor,684,193,0,2,56,47,49,PENDING,0.805,65,HIGH,226,1,True
PRJ-SYNTH-01501,Urban Infrastructure,90,104,10,2,24,14,0,PENDING,0.98,99,CRITICAL,339,1,True
PRJ-SYNTH-01502,Railway,456,235,3,11,89,63,68,IN_REVIEW,0.977,93,CRITICAL,347,1,True
PRJ-SYNTH-01503,Highway,58,32,2,2,44,30,22,APPROVED,0.918,77,HIGH,295,1,True
PRJ-SYNTH-01504,Energy & Power,159,50,5,0,60,53,39,PENDING,0.949,83,CRITICAL,294,1,True
PRJ-SYNTH-01505,Urban Infrastructure,35,43,7,4,22,12,0,APPROVED,0.98,99,CRITICAL,326,1,True
PRJ-SYNTH-01506,Highway,134,83,4,3,24,14,8,APPROVED,0.98,99,CRITICAL,337,1,True
PRJ-SYNTH-01507,Industrial Corridor,298,71,0,2,100,63,57,PENDING,0.521,49,MEDIUM,133,1,True
PRJ-SYNTH-01508,Energy & Power,55,22,2,4,65,47,44,APPROVED,0.912,76,HIGH,281,1,True
PRJ-SYNTH-01509,Industrial Corridor,229,72,1,2,60,40,34,PENDING,0.94,81,CRITICAL,274,1,True
PRJ-SYNTH-01510,Urban Infrastructure,48,56,5,4,46,31,18,APPROVED,0.98,99,CRITICAL,364,1,True
PRJ-SYNTH-01511,Urban Infrastructure,47,55,7,5,35,25,8,PENDING,0.98,99,CRITICAL,338,1,True
PRJ-SYNTH-01512,Railway,482,217,1,2,78,51,55,APPROVED,0.622,54,MEDIUM,186,1,True
PRJ-SYNTH-01513,Industrial Corridor,806,174,4,2,94,58,54,APPROVED,0.562,51,MEDIUM,172,1,True
PRJ-SYNTH-01514,Energy & Power,54,17,1,3,83,68,52,APPROVED,0.339,40,MEDIUM,0,0,True
PRJ-SYNTH-01515,Highway,234,126,4,5,74,71,49,APPROVED,0.912,76,HIGH,241,1,True
PRJ-SYNTH-01516,Highway,772,393,4,6,51,39,24,APPROVED,0.98,99,CRITICAL,376,1,True
PRJ-SYNTH-01517,Railway,100,73,3,1,76,67,58,APPROVED,0.583,52,MEDIUM,170,1,True
PRJ-SYNTH-01518,Energy & Power,483,126,3,6,100,97,79,APPROVED,0.5,48,MEDIUM,179,1,True
PRJ-SYNTH-01519,Industrial Corridor,754,210,2,2,55,34,32,PENDING,0.973,91,CRITICAL,357,1,True
PRJ-SYNTH-01520,Highway,152,99,3,0,69,53,53,APPROVED,0.562,51,MEDIUM,172,1,True
PRJ-SYNTH-01521,Railway,220,135,2,2,96,78,70,APPROVED,0.378,42,MEDIUM,0,0,True
PRJ-SYNTH-01522,Railway,324,159,3,0,100,71,76,IN_REVIEW,0.321,39,MEDIUM,0,0,True
PRJ-SYNTH-01523,Industrial Corridor,657,177,3,1,63,51,43,APPROVED,0.791,64,HIGH,229,1,True
PRJ-SYNTH-01524,Energy & Power,114,42,2,0,83,70,58,APPROVED,0.521,49,MEDIUM,178,1,True
PRJ-SYNTH-01525,Energy & Power,164,53,4,1,52,48,35,APPROVED,0.905,75,HIGH,244,1,True
PRJ-SYNTH-01526,Railway,328,186,6,2,64,57,33,APPROVED,0.918,77,HIGH,247,1,True
PRJ-SYNTH-01527,Railway,373,183,3,2,54,33,33,IN_REVIEW,0.918,77,HIGH,268,1,True
PRJ-SYNTH-01528,Highway,396,194,3,3,89,57,66,APPROVED,0.697,58,MEDIUM,224,1,True
PRJ-SYNTH-01529,Highway,195,104,6,3,97,65,50,REJECTED,0.96,86,CRITICAL,314,1,True
PRJ-SYNTH-01530,Energy & Power,404,103,2,0,31,20,16,IN_REVIEW,0.93,79,HIGH,255,1,True
PRJ-SYNTH-01531,Energy & Power,198,53,1,1,60,49,42,IN_REVIEW,0.852,69,HIGH,250,1,True
PRJ-SYNTH-01532,Industrial Corridor,749,180,1,1,49,34,33,PENDING,0.841,68,HIGH,241,1,True
PRJ-SYNTH-01533,Industrial Corridor,734,201,0,1,57,53,50,APPROVED,0.622,54,MEDIUM,191,1,True
PRJ-SYNTH-01534,Railway,309,165,7,0,48,29,14,IN_REVIEW,0.98,99,CRITICAL,348,1,True
PRJ-SYNTH-01535,Urban Infrastructure,108,111,7,0,32,21,6,IN_REVIEW,0.98,98,CRITICAL,347,1,True
PRJ-SYNTH-01536,Industrial Corridor,647,188,2,0,68,62,52,APPROVED,0.479,47,MEDIUM,164,1,True
PRJ-SYNTH-01537,Energy & Power,132,41,2,3,32,26,21,IN_REVIEW,0.966,88,CRITICAL,299,1,True
PRJ-SYNTH-01538,Highway,281,156,4,2,81,64,54,REJECTED,0.963,87,CRITICAL,301,1,True
PRJ-SYNTH-01539,Railway,400,209,3,2,67,54,44,APPROVED,0.805,65,HIGH,199,1,True
PRJ-SYNTH-01540,Highway,345,147,4,0,32,20,15,APPROVED,0.977,93,CRITICAL,333,1,True
PRJ-SYNTH-01541,Industrial Corridor,611,151,0,1,37,31,25,APPROVED,0.872,71,HIGH,255,1,True
PRJ-SYNTH-01542,Urban Infrastructure,57,76,9,2,71,55,31,IN_REVIEW,0.977,93,CRITICAL,350,1,True
PRJ-SYNTH-01543,Highway,286,123,4,2,41,24,19,APPROVED,0.949,83,CRITICAL,299,1,True
PRJ-SYNTH-01544,Urban Infrastructure,49,61,9,4,90,59,49,IN_REVIEW,0.963,87,CRITICAL,301,1,True
PRJ-SYNTH-01545,Urban Infrastructure,96,96,6,2,2,0,0,APPROVED,0.98,99,CRITICAL,353,1,True
PRJ-SYNTH-01546,Railway,261,128,5,1,31,21,9,APPROVED,0.98,99,CRITICAL,341,1,True
PRJ-SYNTH-01547,Highway,216,106,0,6,55,48,48,IN_REVIEW,0.912,76,HIGH,255,1,True
PRJ-SYNTH-01548,Urban Infrastructure,29,52,19,7,35,29,0,IN_REVIEW,0.98,99,CRITICAL,310,1,True
PRJ-SYNTH-01549,Railway,293,135,4,2,75,52,54,IN_REVIEW,0.889,73,HIGH,261,1,True
PRJ-SYNTH-01550,Urban Infrastructure,10,18,9,0,46,29,19,PENDING,0.98,99,CRITICAL,353,1,True
PRJ-SYNTH-01551,Railway,452,265,6,1,47,40,27,APPROVED,0.953,84,CRITICAL,313,1,True
PRJ-SYNTH-01552,Energy & Power,321,65,1,2,46,38,36,APPROVED,0.889,73,HIGH,277,1,True
PRJ-SYNTH-01553,Railway,184,83,3,2,40,27,23,APPROVED,0.968,89,CRITICAL,316,1,True
PRJ-SYNTH-01554,Railway,546,283,2,0,44,32,24,PENDING,0.949,83,CRITICAL,271,1,True
PRJ-SYNTH-01555,Energy & Power,377,106,7,2,52,42,25,IN_REVIEW,0.979,94,CRITICAL,310,1,True
PRJ-SYNTH-01556,Railway,171,81,4,4,12,6,0,APPROVED,0.98,99,CRITICAL,349,1,True
PRJ-SYNTH-01557,Highway,144,86,3,1,73,62,56,APPROVED,0.679,57,MEDIUM,212,1,True
PRJ-SYNTH-01558,Highway,109,65,6,3,57,48,38,IN_REVIEW,0.98,96,CRITICAL,350,1,True
PRJ-SYNTH-01559,Urban Infrastructure,82,98,9,2,48,29,19,APPROVED,0.98,99,CRITICAL,339,1,True
PRJ-SYNTH-01560,Urban Infrastructure,45,46,9,1,79,71,40,APPROVED,0.777,63,HIGH,188,1,True
PRJ-SYNTH-01561,Urban Infrastructure,15,33,18,0,52,48,9,APPROVED,0.98,99,CRITICAL,328,1,True
PRJ-SYNTH-01562,Highway,180,88,6,5,59,41,32,APPROVED,0.98,99,CRITICAL,317,1,True
PRJ-SYNTH-01563,Highway,277,162,4,2,75,48,51,IN_REVIEW,0.912,76,HIGH,271,1,True
PRJ-SYNTH-01564,Highway,195,101,4,3,43,36,21,APPROVED,0.971,90,CRITICAL,311,1,True
PRJ-SYNTH-01565,Railway,353,163,3,0,75,47,50,IN_REVIEW,0.731,60,HIGH,205,1,True
PRJ-SYNTH-01566,Railway,307,162,1,5,84,77,64,APPROVED,0.603,53,MEDIUM,192,1,True
PRJ-SYNTH-01567,Railway,379,215,2,0,0,0,0,APPROVED,0.971,90,CRITICAL,309,1,True
PRJ-SYNTH-01568,Railway,319,157,5,4,100,94,58,APPROVED,0.679,57,MEDIUM,228,1,True
PRJ-SYNTH-01569,Industrial Corridor,733,175,2,4,70,58,59,APPROVED,0.862,70,HIGH,242,1,True
PRJ-SYNTH-01570,Highway,194,127,7,2,69,47,38,APPROVED,0.956,85,CRITICAL,271,1,True
PRJ-SYNTH-01571,Railway,504,278,7,0,81,60,47,APPROVED,0.872,71,HIGH,210,1,True
PRJ-SYNTH-01572,Urban Infrastructure,94,100,5,1,54,42,27,REJECTED,0.98,95,CRITICAL,340,1,True
PRJ-SYNTH-01573,Railway,184,107,6,2,45,40,26,PENDING,0.98,99,CRITICAL,356,1,True
PRJ-SYNTH-01574,Urban Infrastructure,69,75,12,0,54,50,27,IN_REVIEW,0.98,99,CRITICAL,355,1,True
PRJ-SYNTH-01575,Energy & Power,260,73,3,4,100,86,63,APPROVED,0.562,51,MEDIUM,158,1,True
PRJ-SYNTH-01576,Industrial Corridor,724,171,0,1,62,42,51,IN_REVIEW,0.747,61,HIGH,200,1,True
PRJ-SYNTH-01577,Highway,65,43,8,4,36,28,10,APPROVED,0.98,99,CRITICAL,371,1,True
PRJ-SYNTH-01578,Industrial Corridor,552,141,3,0,94,59,70,APPROVED,0.321,39,MEDIUM,0,0,True
PRJ-SYNTH-01579,Railway,236,122,5,3,5,2,0,IN_REVIEW,0.98,99,CRITICAL,337,1,True
PRJ-SYNTH-01580,Highway,401,211,4,5,56,38,29,APPROVED,0.968,89,CRITICAL,332,1,True
PRJ-SYNTH-01581,Railway,345,157,7,2,38,22,10,APPROVED,0.98,99,CRITICAL,331,1,True
PRJ-SYNTH-01582,Industrial Corridor,413,100,3,3,76,71,51,IN_REVIEW,0.805,65,HIGH,221,1,True
PRJ-SYNTH-01583,Railway,272,165,2,3,65,40,38,APPROVED,0.872,71,HIGH,267,1,True
PRJ-SYNTH-01584,Highway,326,179,3,1,32,26,19,APPROVED,0.935,80,CRITICAL,299,1,True
PRJ-SYNTH-01585,Urban Infrastructure,45,59,9,1,67,53,24,IN_REVIEW,0.979,94,CRITICAL,349,1,True
PRJ-SYNTH-01586,Highway,291,158,6,2,35,31,20,APPROVED,0.973,91,CRITICAL,329,1,True
PRJ-SYNTH-01587,Highway,83,46,6,2,54,47,34,IN_REVIEW,0.966,88,CRITICAL,338,1,True
PRJ-SYNTH-01588,Highway,33,15,6,1,45,40,29,APPROVED,0.872,71,HIGH,262,1,True
PRJ-SYNTH-01589,Highway,310,139,2,8,82,61,61,APPROVED,0.935,80,CRITICAL,284,1,True
PRJ-SYNTH-01590,Highway,149,80,4,2,47,43,29,PENDING,0.949,83,CRITICAL,290,1,True
PRJ-SYNTH-01591,Highway,67,47,5,2,0,0,0,APPROVED,0.98,99,CRITICAL,341,1,True
PRJ-SYNTH-01592,Urban Infrastructure,52,63,11,0,20,14,0,APPROVED,0.98,99,CRITICAL,327,1,True
PRJ-SYNTH-01593,Highway,203,122,3,4,62,60,49,APPROVED,0.897,74,HIGH,225,1,True
PRJ-SYNTH-01594,Highway,228,100,2,2,45,43,38,APPROVED,0.83,67,HIGH,248,1,True
PRJ-SYNTH-01595,Energy & Power,40,31,9,4,81,50,34,APPROVED,0.98,95,CRITICAL,330,1,True
PRJ-SYNTH-01596,Railway,211,100,5,1,31,24,13,APPROVED,0.975,92,CRITICAL,309,1,True
PRJ-SYNTH-01597,Urban Infrastructure,69,86,13,1,59,41,18,APPROVED,0.98,99,CRITICAL,376,1,True
PRJ-SYNTH-01598,Highway,228,116,2,1,82,71,63,APPROVED,0.458,46,MEDIUM,178,1,True
PRJ-SYNTH-01599,Highway,115,61,4,2,63,55,34,PENDING,0.924,78,HIGH,270,1,True
PRJ-SYNTH-01600,Highway,169,93,2,9,72,42,44,IN_REVIEW,0.98,99,CRITICAL,355,1,True
PRJ-SYNTH-01601,Highway,140,82,3,2,57,52,45,APPROVED,0.763,62,HIGH,216,1,True
PRJ-SYNTH-01602,Highway,206,82,3,2,67,45,46,APPROVED,0.679,57,MEDIUM,194,1,True
PRJ-SYNTH-01603,Highway,305,167,4,3,46,43,29,REJECTED,0.98,99,CRITICAL,365,1,True
PRJ-SYNTH-01604,Highway,159,71,1,2,69,65,64,APPROVED,0.542,50,MEDIUM,179,1,True
PRJ-SYNTH-01605,Highway,91,54,6,5,48,31,25,APPROVED,0.98,99,CRITICAL,327,1,True
PRJ-SYNTH-01606,Railway,207,111,5,6,50,41,31,APPROVED,0.98,96,CRITICAL,341,1,True
PRJ-SYNTH-01607,Highway,380,225,6,3,39,25,15,PENDING,0.98,99,CRITICAL,356,1,True
PRJ-SYNTH-01608,Railway,193,120,6,2,50,30,23,APPROVED,0.971,90,CRITICAL,340,1,True
PRJ-SYNTH-01609,Railway,162,89,5,3,95,89,60,APPROVED,0.731,60,HIGH,214,1,True
PRJ-SYNTH-01610,Urban Infrastructure,51,57,6,4,49,32,22,IN_REVIEW,0.98,99,CRITICAL,347,1,True
PRJ-SYNTH-01611,Highway,178,101,3,1,84,63,57,PENDING,0.714,59,MEDIUM,214,1,True
PRJ-SYNTH-01612,Urban Infrastructure,47,48,6,2,69,66,39,IN_REVIEW,0.94,81,CRITICAL,267,1,True
PRJ-SYNTH-01613,Urban Infrastructure,21,33,11,1,54,33,20,APPROVED,0.98,99,CRITICAL,387,1,True
PRJ-SYNTH-01614,Highway,215,117,3,3,67,53,40,REJECTED,0.966,88,CRITICAL,337,1,True
PRJ-SYNTH-01615,Energy & Power,246,64,0,6,65,53,43,APPROVED,0.881,72,HIGH,266,1,True
PRJ-SYNTH-01616,Industrial Corridor,974,250,3,0,45,38,28,IN_REVIEW,0.94,81,CRITICAL,288,1,True
PRJ-SYNTH-01617,Highway,204,103,3,2,100,92,80,APPROVED,0.223,33,LOW,0,0,True
PRJ-SYNTH-01618,Highway,366,198,5,1,83,61,44,IN_REVIEW,0.841,68,HIGH,238,1,True
PRJ-SYNTH-01619,Energy & Power,321,82,3,0,61,53,37,APPROVED,0.562,51,MEDIUM,185,1,True
PRJ-SYNTH-01620,Urban Infrastructure,91,98,6,2,57,53,30,APPROVED,0.973,91,CRITICAL,303,1,True
PRJ-SYNTH-01621,Highway,310,152,0,3,79,73,60,APPROVED,0.479,47,MEDIUM,156,1,True
PRJ-SYNTH-01622,Highway,199,105,4,2,32,24,13,APPROVED,0.98,96,CRITICAL,328,1,True
PRJ-SYNTH-01623,Railway,261,148,4,4,39,31,21,IN_REVIEW,0.98,99,CRITICAL,337,1,True
PRJ-SYNTH-01624,Railway,321,141,5,0,10,7,0,IN_REVIEW,0.98,99,CRITICAL,371,1,True
PRJ-SYNTH-01625,Urban Infrastructure,14,29,17,8,34,31,0,PENDING,0.98,99,CRITICAL,344,1,True
PRJ-SYNTH-01626,Railway,300,144,9,3,81,63,48,APPROVED,0.953,84,CRITICAL,314,1,True
PRJ-SYNTH-01627,Railway,272,127,0,5,57,35,37,APPROVED,0.956,85,CRITICAL,290,1,True
PRJ-SYNTH-01628,Urban Infrastructure,85,90,7,2,100,74,56,PENDING,0.912,76,HIGH,260,1,True
PRJ-SYNTH-01629,Highway,291,169,5,5,46,39,19,IN_REVIEW,0.98,99,CRITICAL,347,1,True
PRJ-SYNTH-01630,Highway,241,113,1,2,67,55,46,APPROVED,0.642,55,MEDIUM,195,1,True
PRJ-SYNTH-01631,Urban Infrastructure,41,58,5,1,50,44,34,APPROVED,0.905,75,HIGH,246,1,True
PRJ-SYNTH-01632,Energy & Power,333,78,0,1,9,6,6,APPROVED,0.96,86,CRITICAL,306,1,True
PRJ-SYNTH-01633,Railway,528,299,7,2,47,28,23,APPROVED,0.98,98,CRITICAL,326,1,True
PRJ-SYNTH-01634,Railway,430,227,9,0,30,17,1,APPROVED,0.98,99,CRITICAL,374,1,True
PRJ-SYNTH-01635,Highway,95,48,2,1,67,52,45,IN_REVIEW,0.661,56,MEDIUM,188,1,True
PRJ-SYNTH-01636,Railway,357,177,3,3,92,61,65,APPROVED,0.747,61,HIGH,226,1,True
PRJ-SYNTH-01637,Railway,166,106,5,1,48,46,36,APPROVED,0.94,81,CRITICAL,275,1,True
PRJ-SYNTH-01638,Highway,163,80,6,1,65,43,31,IN_REVIEW,0.975,92,CRITICAL,340,1,True
PRJ-SYNTH-01639,Highway,222,119,5,4,52,41,24,PENDING,0.98,96,CRITICAL,328,1,True
PRJ-SYNTH-01640,Railway,314,153,8,2,75,43,34,IN_REVIEW,0.98,98,CRITICAL,342,1,True
PRJ-SYNTH-01641,Highway,292,139,4,0,100,68,65,APPROVED,0.321,39,MEDIUM,0,0,True
PRJ-SYNTH-01642,Highway,369,181,7,0,91,62,61,APPROVED,0.777,63,HIGH,216,1,True
PRJ-SYNTH-01643,Highway,232,109,3,3,45,39,28,IN_REVIEW,0.973,91,CRITICAL,296,1,True
PRJ-SYNTH-01644,Highway,157,81,2,7,96,75,58,APPROVED,0.747,61,HIGH,202,1,True
PRJ-SYNTH-01645,Highway,65,42,7,1,62,37,30,IN_REVIEW,0.973,91,CRITICAL,323,1,True
PRJ-SYNTH-01646,Energy & Power,408,104,1,0,94,69,55,APPROVED,0.223,33,LOW,0,0,True
PRJ-SYNTH-01647,Railway,272,156,8,3,27,21,3,IN_REVIEW,0.98,99,CRITICAL,329,1,True
PRJ-SYNTH-01648,Urban Infrastructure,65,57,5,1,55,46,31,APPROVED,0.818,66,HIGH,221,1,True
PRJ-SYNTH-01649,Urban Infrastructure,68,83,4,0,63,38,31,APPROVED,0.889,73,HIGH,254,1,True
PRJ-SYNTH-01650,Railway,339,204,2,2,60,56,53,APPROVED,0.731,60,HIGH,211,1,True
PRJ-SYNTH-01651,Highway,230,134,3,2,67,45,39,IN_REVIEW,0.852,69,HIGH,247,1,True
PRJ-SYNTH-01652,Railway,252,131,5,1,54,50,40,APPROVED,0.897,74,HIGH,274,1,True
PRJ-SYNTH-01653,Railway,271,141,3,0,51,33,29,APPROVED,0.852,69,HIGH,246,1,True
PRJ-SYNTH-01654,Urban Infrastructure,44,54,4,1,47,38,32,IN_REVIEW,0.912,76,HIGH,250,1,True
PRJ-SYNTH-01655,Railway,207,126,2,2,41,29,25,APPROVED,0.889,73,HIGH,265,1,True
PRJ-SYNTH-01656,Highway,131,65,2,1,69,56,58,PENDING,0.83,67,HIGH,249,1,True
PRJ-SYNTH-01657,Highway,177,94,2,0,58,45,41,PENDING,0.852,69,HIGH,217,1,True
PRJ-SYNTH-01658,Railway,189,100,5,0,44,25,15,APPROVED,0.935,80,CRITICAL,287,1,True
PRJ-SYNTH-01659,Urban Infrastructure,10,25,14,4,6,4,0,APPROVED,0.98,99,CRITICAL,366,1,True
PRJ-SYNTH-01660,Railway,241,148,8,9,66,38,34,APPROVED,0.98,99,CRITICAL,336,1,True
PRJ-SYNTH-01661,Railway,160,89,6,2,72,61,48,IN_REVIEW,0.852,69,HIGH,251,1,True
PRJ-SYNTH-01662,Industrial Corridor,797,179,2,0,38,33,21,PENDING,0.963,87,CRITICAL,293,1,True
PRJ-SYNTH-01663,Urban Infrastructure,44,58,4,5,61,45,40,IN_REVIEW,0.966,88,CRITICAL,303,1,True
PRJ-SYNTH-01664,Highway,228,113,1,2,49,38,31,APPROVED,0.83,67,HIGH,221,1,True
PRJ-SYNTH-01665,Highway,103,62,5,2,75,46,47,APPROVED,0.881,72,HIGH,261,1,True
PRJ-SYNTH-01666,Highway,72,39,5,3,45,33,24,APPROVED,0.98,95,CRITICAL,343,1,True
PRJ-SYNTH-01667,Highway,178,78,3,2,48,30,22,IN_REVIEW,0.96,86,CRITICAL,307,1,True
PRJ-SYNTH-01668,Highway,152,75,6,3,59,36,22,PENDING,0.98,98,CRITICAL,351,1,True
PRJ-SYNTH-01669,Highway,94,53,3,1,49,32,28,IN_REVIEW,0.918,77,HIGH,280,1,True
PRJ-SYNTH-01670,Highway,262,131,4,3,46,42,35,IN_REVIEW,0.966,88,CRITICAL,328,1,True
PRJ-SYNTH-01671,Highway,112,57,4,4,43,42,28,APPROVED,0.93,79,HIGH,267,1,True
PRJ-SYNTH-01672,Energy & Power,144,42,2,4,50,47,40,APPROVED,0.905,75,HIGH,224,1,True
PRJ-SYNTH-01673,Highway,284,151,5,5,48,45,29,APPROVED,0.98,98,CRITICAL,336,1,True
PRJ-SYNTH-01674,Railway,349,179,6,4,56,48,30,PENDING,0.98,99,CRITICAL,340,1,True
PRJ-SYNTH-01675,Railway,171,86,4,2,54,34,33,APPROVED,0.897,74,HIGH,271,1,True
PRJ-SYNTH-01676,Industrial Corridor,678,181,0,0,77,61,57,IN_REVIEW,0.417,44,MEDIUM,0,0,True
PRJ-SYNTH-01677,Highway,101,55,7,3,25,21,3,IN_REVIEW,0.98,99,CRITICAL,350,1,True
PRJ-SYNTH-01678,Railway,403,207,5,1,100,78,59,IN_REVIEW,0.661,56,MEDIUM,216,1,True
PRJ-SYNTH-01679,Industrial Corridor,1041,251,0,3,65,50,49,APPROVED,0.763,62,HIGH,217,1,True
PRJ-SYNTH-01680,Energy & Power,504,139,3,3,84,68,56,APPROVED,0.731,60,HIGH,218,1,True
PRJ-SYNTH-01681,Energy & Power,600,149,2,2,74,56,48,IN_REVIEW,0.642,55,MEDIUM,181,1,True
PRJ-SYNTH-01682,Highway,138,69,4,0,62,43,39,PENDING,0.889,73,HIGH,266,1,True
PRJ-SYNTH-01683,Highway,255,131,3,0,71,59,51,APPROVED,0.622,54,MEDIUM,187,1,True
PRJ-SYNTH-01684,Urban Infrastructure,15,41,12,0,55,33,10,APPROVED,0.98,99,CRITICAL,337,1,True
PRJ-SYNTH-01685,Industrial Corridor,819,197,0,1,60,38,39,APPROVED,0.731,60,HIGH,210,1,True
PRJ-SYNTH-01686,Railway,337,168,1,3,100,95,88,APPROVED,0.223,33,LOW,0,0,True
PRJ-SYNTH-01687,Railway,184,87,1,2,91,71,77,REJECTED,0.731,60,HIGH,208,1,True
PRJ-SYNTH-01688,Highway,134,81,5,0,17,14,2,IN_REVIEW,0.98,99,CRITICAL,344,1,True
PRJ-SYNTH-01689,Urban Infrastructure,110,112,10,3,76,66,35,APPROVED,0.979,94,CRITICAL,328,1,True
PRJ-SYNTH-01690,Highway,228,106,2,1,63,44,37,IN_REVIEW,0.763,62,HIGH,221,1,True
PRJ-SYNTH-01691,Highway,370,194,5,3,98,88,59,APPROVED,0.747,61,HIGH,216,1,True
PRJ-SYNTH-01692,Railway,506,255,6,0,47,27,18,APPROVED,0.966,88,CRITICAL,310,1,True
PRJ-SYNTH-01693,Railway,128,68,7,0,0,0,0,APPROVED,0.98,99,CRITICAL,328,1,True
PRJ-SYNTH-01694,Highway,144,74,5,1,48,41,28,IN_REVIEW,0.949,83,CRITICAL,288,1,True
PRJ-SYNTH-01695,Highway,109,64,4,4,18,16,7,PENDING,0.98,99,CRITICAL,365,1,True
PRJ-SYNTH-01696,Urban Infrastructure,102,103,7,2,37,34,11,APPROVED,0.98,99,CRITICAL,355,1,True
PRJ-SYNTH-01697,Highway,212,114,2,2,47,34,31,APPROVED,0.881,72,HIGH,270,1,True
PRJ-SYNTH-01698,Railway,181,103,2,2,71,65,48,APPROVED,0.583,52,MEDIUM,188,1,True
PRJ-SYNTH-01699,Highway,122,54,2,0,68,55,43,APPROVED,0.438,45,MEDIUM,0,0,True
PRJ-SYNTH-01700,Railway,459,233,3,3,76,48,52,APPROVED,0.763,62,HIGH,238,1,True
PRJ-SYNTH-01701,Railway,236,119,4,1,72,65,43,APPROVED,0.852,69,HIGH,234,1,True
PRJ-SYNTH-01702,Highway,60,46,5,5,100,95,67,APPROVED,0.731,60,HIGH,202,1,True
PRJ-SYNTH-01703,Highway,108,55,1,3,63,39,43,IN_REVIEW,0.777,63,HIGH,246,1,True
PRJ-SYNTH-01704,Highway,405,208,2,2,74,69,59,APPROVED,0.583,52,MEDIUM,195,1,True
PRJ-SYNTH-01705,Highway,287,152,4,1,81,66,44,APPROVED,0.777,63,HIGH,216,1,True
PRJ-SYNTH-01706,Industrial Corridor,469,119,2,0,45,26,21,APPROVED,0.881,72,HIGH,242,1,True
PRJ-SYNTH-01707,Highway,203,112,6,0,24,18,6,APPROVED,0.971,90,CRITICAL,299,1,True
PRJ-SYNTH-01708,Energy & Power,346,111,2,3,71,64,62,APPROVED,0.714,59,MEDIUM,201,1,True
PRJ-SYNTH-01709,Highway,76,54,5,3,47,37,31,PENDING,0.98,98,CRITICAL,356,1,True
PRJ-SYNTH-01710,Urban Infrastructure,119,137,7,3,74,63,54,APPROVED,0.924,78,HIGH,240,1,True
PRJ-SYNTH-01711,Urban Infrastructure,86,103,9,4,69,64,35,APPROVED,0.98,99,CRITICAL,362,1,True
PRJ-SYNTH-01712,Railway,204,88,4,2,83,77,53,APPROVED,0.642,55,MEDIUM,203,1,True
PRJ-SYNTH-01713,Railway,361,216,4,1,39,24,14,APPROVED,0.953,84,CRITICAL,278,1,True
PRJ-SYNTH-01714,Railway,320,163,6,3,41,29,15,APPROVED,0.977,93,CRITICAL,326,1,True
PRJ-SYNTH-01715,Highway,220,123,6,0,58,36,24,PENDING,0.966,88,CRITICAL,300,1,True
PRJ-SYNTH-01716,Industrial Corridor,808,201,0,6,60,48,47,APPROVED,0.852,69,HIGH,227,1,True
PRJ-SYNTH-01717,Energy & Power,133,37,1,2,74,72,57,APPROVED,0.269,36,MEDIUM,0,0,True
PRJ-SYNTH-01718,Industrial Corridor,585,142,3,0,94,61,53,APPROVED,0.5,48,MEDIUM,176,1,True
PRJ-SYNTH-01719,Highway,166,108,6,1,53,39,28,IN_REVIEW,0.971,90,CRITICAL,326,1,True
PRJ-SYNTH-01720,Urban Infrastructure,68,70,4,2,25,23,11,APPROVED,0.977,93,CRITICAL,298,1,True
PRJ-SYNTH-01721,Industrial Corridor,966,232,0,2,16,12,11,APPROVED,0.94,81,CRITICAL,276,1,True
PRJ-SYNTH-01722,Highway,409,205,4,6,26,14,9,APPROVED,0.98,99,CRITICAL,355,1,True
PRJ-SYNTH-01723,Highway,207,100,6,6,22,15,1,APPROVED,0.98,99,CRITICAL,361,1,True
PRJ-SYNTH-01724,Urban Infrastructure,96,113,8,1,69,67,47,APPROVED,0.944,82,CRITICAL,290,1,True
PRJ-SYNTH-01725,Railway,401,217,5,0,56,41,37,APPROVED,0.897,74,HIGH,275,1,True
PRJ-SYNTH-01726,Energy & Power,313,77,2,1,63,52,44,APPROVED,0.697,58,MEDIUM,205,1,True
PRJ-SYNTH-01727,Highway,118,73,4,2,77,67,54,APPROVED,0.714,59,MEDIUM,214,1,True
PRJ-SYNTH-01728,Urban Infrastructure,138,165,8,2,87,73,49,APPROVED,0.881,72,HIGH,239,1,True
PRJ-SYNTH-01729,Highway,307,156,6,1,51,39,32,IN_REVIEW,0.975,92,CRITICAL,332,1,True
PRJ-SYNTH-01730,Highway,198,98,2,3,80,51,44,PENDING,0.889,73,HIGH,235,1,True
PRJ-SYNTH-01731,Highway,121,66,3,0,69,60,54,PENDING,0.747,61,HIGH,198,1,True
PRJ-SYNTH-01732,Energy & Power,223,57,0,3,26,24,22,APPROVED,0.912,76,HIGH,254,1,True
PRJ-SYNTH-01733,Urban Infrastructure,21,26,6,2,18,17,4,IN_REVIEW,0.98,99,CRITICAL,371,1,True
PRJ-SYNTH-01734,Railway,502,277,3,3,52,40,39,IN_REVIEW,0.96,86,CRITICAL,295,1,True
PRJ-SYNTH-01735,Railway,214,94,5,1,62,48,36,APPROVED,0.897,74,HIGH,265,1,True
PRJ-SYNTH-01736,Energy & Power,188,58,2,4,74,53,45,APPROVED,0.763,62,HIGH,225,1,True
PRJ-SYNTH-01737,Railway,487,263,5,0,52,30,28,APPROVED,0.93,79,HIGH,284,1,True
PRJ-SYNTH-01738,Energy & Power,401,93,2,3,19,17,13,REJECTED,0.98,99,CRITICAL,331,1,True
PRJ-SYNTH-01739,Railway,325,164,2,0,52,32,34,APPROVED,0.83,67,HIGH,240,1,True
PRJ-SYNTH-01740,Railway,533,264,3,5,14,7,4,APPROVED,0.98,99,CRITICAL,331,1,True
PRJ-SYNTH-01741,Railway,185,76,2,1,56,49,44,IN_REVIEW,0.83,67,HIGH,209,1,True
PRJ-SYNTH-01742,Highway,217,101,6,1,70,60,52,IN_REVIEW,0.872,71,HIGH,273,1,True
PRJ-SYNTH-01743,Urban Infrastructure,35,45,7,4,65,56,38,APPROVED,0.975,92,CRITICAL,318,1,True
PRJ-SYNTH-01744,Railway,435,194,5,2,44,37,22,IN_REVIEW,0.968,89,CRITICAL,308,1,True
PRJ-SYNTH-01745,Highway,294,158,4,0,69,54,47,APPROVED,0.731,60,HIGH,226,1,True
PRJ-SYNTH-01746,Energy & Power,490,128,1,3,35,21,18,PENDING,0.98,99,CRITICAL,359,1,True
PRJ-SYNTH-01747,Railway,283,169,7,1,38,36,17,APPROVED,0.971,90,CRITICAL,306,1,True
PRJ-SYNTH-01748,Railway,611,309,4,0,17,13,5,APPROVED,0.975,92,CRITICAL,327,1,True
PRJ-SYNTH-01749,Industrial Corridor,518,113,0,0,51,38,33,APPROVED,0.622,54,MEDIUM,197,1,True
PRJ-SYNTH-01750,Urban Infrastructure,64,78,8,2,33,26,8,IN_REVIEW,0.98,99,CRITICAL,328,1,True
PRJ-SYNTH-01751,Highway,114,67,7,0,44,32,16,PENDING,0.98,96,CRITICAL,325,1,True
PRJ-SYNTH-01752,Industrial Corridor,822,203,0,3,58,47,42,APPROVED,0.763,62,HIGH,213,1,True
PRJ-SYNTH-01753,Urban Infrastructure,36,45,10,3,56,49,26,APPROVED,0.98,99,CRITICAL,348,1,True
PRJ-SYNTH-01754,Highway,299,150,2,2,12,6,3,APPROVED,0.98,99,CRITICAL,367,1,True
PRJ-SYNTH-01755,Highway,230,129,3,0,39,28,25,APPROVED,0.93,79,HIGH,267,1,True
PRJ-SYNTH-01756,Urban Infrastructure,31,36,8,5,77,65,34,IN_REVIEW,0.98,99,CRITICAL,370,1,True
PRJ-SYNTH-01757,Urban Infrastructure,106,114,8,2,77,75,47,APPROVED,0.912,76,HIGH,274,1,True
PRJ-SYNTH-01758,Railway,517,266,11,3,49,33,6,APPROVED,0.98,99,CRITICAL,323,1,True
PRJ-SYNTH-01759,Energy & Power,292,85,0,6,66,58,47,PENDING,0.96,86,CRITICAL,307,1,True
PRJ-SYNTH-01760,Urban Infrastructure,25,39,9,2,23,16,0,APPROVED,0.98,99,CRITICAL,369,1,True
PRJ-SYNTH-01761,Highway,174,115,6,2,46,28,15,APPROVED,0.98,96,CRITICAL,334,1,True
PRJ-SYNTH-01762,Highway,254,148,3,2,81,72,49,APPROVED,0.542,50,MEDIUM,165,1,True
PRJ-SYNTH-01763,Highway,166,108,1,1,32,26,21,PENDING,0.93,79,HIGH,269,1,True
PRJ-SYNTH-01764,Urban Infrastructure,32,40,9,2,55,43,27,APPROVED,0.968,89,CRITICAL,320,1,True
PRJ-SYNTH-01765,Highway,314,154,5,4,71,60,48,APPROVED,0.897,74,HIGH,239,1,True
PRJ-SYNTH-01766,Railway,250,125,2,1,63,58,52,APPROVED,0.661,56,MEDIUM,223,1,True
PRJ-SYNTH-01767,Urban Infrastructure,154,172,8,0,49,42,16,IN_REVIEW,0.98,95,CRITICAL,350,1,True
PRJ-SYNTH-01768,Energy & Power,165,55,6,1,52,48,31,IN_REVIEW,0.956,85,CRITICAL,309,1,True
PRJ-SYNTH-01769,Highway,158,90,4,3,71,49,42,APPROVED,0.897,74,HIGH,243,1,True
PRJ-SYNTH-01770,Energy & Power,158,50,5,5,62,56,47,PENDING,0.98,99,CRITICAL,370,1,True
PRJ-SYNTH-01771,Highway,172,89,8,1,65,47,35,APPROVED,0.935,80,CRITICAL,300,1,True
PRJ-SYNTH-01772,Energy & Power,276,78,3,0,51,30,27,APPROVED,0.747,61,HIGH,237,1,True
PRJ-SYNTH-01773,Highway,114,61,9,3,43,25,11,APPROVED,0.98,99,CRITICAL,353,1,True
PRJ-SYNTH-01774,Railway,167,91,3,4,74,65,51,IN_REVIEW,0.897,74,HIGH,261,1,True
PRJ-SYNTH-01775,Urban Infrastructure,18,32,10,0,27,18,0,APPROVED,0.98,99,CRITICAL,352,1,True
PRJ-SYNTH-01776,Highway,70,44,4,0,30,21,14,PENDING,0.98,98,CRITICAL,352,1,True
PRJ-SYNTH-01777,Highway,92,52,7,0,100,84,56,APPROVED,0.5,48,MEDIUM,189,1,True
PRJ-SYNTH-01778,Urban Infrastructure,47,58,10,2,60,53,25,PENDING,0.98,99,CRITICAL,328,1,True
PRJ-SYNTH-01779,Urban Infrastructure,74,68,5,2,51,41,26,APPROVED,0.968,89,CRITICAL,317,1,True
PRJ-SYNTH-01780,Urban Infrastructure,84,76,9,2,34,29,11,PENDING,0.98,99,CRITICAL,356,1,True
PRJ-SYNTH-01781,Urban Infrastructure,72,76,14,1,21,19,0,APPROVED,0.98,99,CRITICAL,364,1,True
PRJ-SYNTH-01782,Railway,493,269,4,4,57,50,36,APPROVED,0.949,83,CRITICAL,288,1,True
PRJ-SYNTH-01783,Highway,390,173,4,1,56,37,25,APPROVED,0.905,75,HIGH,266,1,True
PRJ-SYNTH-01784,Highway,163,83,3,1,71,67,44,APPROVED,0.5,48,MEDIUM,168,1,True
PRJ-SYNTH-01785,Highway,115,59,4,1,26,18,10,PENDING,0.98,99,CRITICAL,353,1,True
PRJ-SYNTH-01786,Industrial Corridor,1535,391,2,2,30,22,17,APPROVED,0.935,80,CRITICAL,274,1,True
PRJ-SYNTH-01787,Railway,449,198,4,2,65,59,38,APPROVED,0.852,69,HIGH,253,1,True
PRJ-SYNTH-01788,Railway,436,217,6,2,65,53,43,APPROVED,0.949,83,CRITICAL,298,1,True
PRJ-SYNTH-01789,Railway,221,135,3,1,83,75,61,IN_REVIEW,0.521,49,MEDIUM,152,1,True
PRJ-SYNTH-01790,Industrial Corridor,1030,251,1,1,100,94,69,APPROVED,0.182,30,LOW,0,0,True
PRJ-SYNTH-01791,Highway,198,91,1,4,56,54,38,APPROVED,0.872,71,HIGH,248,1,True
PRJ-SYNTH-01792,Railway,274,130,5,0,74,55,43,PENDING,0.862,70,HIGH,293,1,True
PRJ-SYNTH-01793,Railway,274,134,4,4,32,30,14,PENDING,0.98,99,CRITICAL,344,1,True
PRJ-SYNTH-01794,Urban Infrastructure,89,114,12,3,0,0,0,IN_REVIEW,0.98,99,CRITICAL,333,1,True
PRJ-SYNTH-01795,Highway,347,185,3,5,36,26,19,APPROVED,0.98,99,CRITICAL,338,1,True
PRJ-SYNTH-01796,Energy & Power,597,152,3,4,48,41,37,APPROVED,0.96,86,CRITICAL,311,1,True
PRJ-SYNTH-01797,Industrial Corridor,660,142,3,0,100,97,75,IN_REVIEW,0.195,31,LOW,0,0,True
PRJ-SYNTH-01798,Railway,307,155,2,2,20,10,9,IN_REVIEW,0.973,91,CRITICAL,311,1,True
PRJ-SYNTH-01799,Urban Infrastructure,62,79,11,3,67,64,39,PENDING,0.98,99,CRITICAL,351,1,True
PRJ-SYNTH-01800,Industrial Corridor,893,210,5,3,42,39,22,APPROVED,0.98,98,CRITICAL,337,1,True
PRJ-SYNTH-01801,Urban Infrastructure,57,70,12,3,59,56,25,IN_REVIEW,0.98,99,CRITICAL,358,1,True
PRJ-SYNTH-01802,Highway,425,178,4,2,60,36,27,IN_REVIEW,0.98,99,CRITICAL,340,1,True
PRJ-SYNTH-01803,Railway,210,114,3,3,37,33,23,PENDING,0.98,99,CRITICAL,360,1,True
PRJ-SYNTH-01804,Urban Infrastructure,51,59,6,4,81,68,48,APPROVED,0.862,70,HIGH,207,1,True
PRJ-SYNTH-01805,Railway,222,121,4,4,70,41,37,APPROVED,0.93,79,HIGH,288,1,True
PRJ-SYNTH-01806,Urban Infrastructure,60,76,8,5,52,50,21,APPROVED,0.98,99,CRITICAL,344,1,True
PRJ-SYNTH-01807,Industrial Corridor,461,140,2,1,69,44,42,IN_REVIEW,0.83,67,HIGH,244,1,True
PRJ-SYNTH-01808,Industrial Corridor,628,155,1,4,52,37,40,APPROVED,0.889,73,HIGH,255,1,True
PRJ-SYNTH-01809,Railway,337,161,2,4,13,6,5,PENDING,0.98,99,CRITICAL,328,1,True
PRJ-SYNTH-01810,Highway,225,118,4,2,61,42,31,APPROVED,0.889,73,HIGH,258,1,True
PRJ-SYNTH-01811,Industrial Corridor,838,208,1,2,100,80,69,APPROVED,0.303,38,MEDIUM,0,0,True
PRJ-SYNTH-01812,Energy & Power,420,121,3,0,81,77,49,APPROVED,0.458,46,MEDIUM,164,1,True
PRJ-SYNTH-01813,Highway,229,115,3,2,67,65,42,REJECTED,0.953,84,CRITICAL,272,1,True
PRJ-SYNTH-01814,Industrial Corridor,1203,303,0,4,74,53,51,IN_REVIEW,0.841,68,HIGH,241,1,True
PRJ-SYNTH-01815,Energy & Power,597,163,2,2,61,45,43,APPROVED,0.747,61,HIGH,221,1,True
PRJ-SYNTH-01816,Railway,402,224,3,1,4,0,0,APPROVED,0.966,88,CRITICAL,301,1,True
PRJ-SYNTH-01817,Railway,155,73,3,2,34,26,15,APPROVED,0.949,83,CRITICAL,245,1,True
PRJ-SYNTH-01818,Railway,319,168,4,1,57,53,42,APPROVED,0.852,69,HIGH,234,1,True
PRJ-SYNTH-01819,Highway,199,92,3,0,83,54,51,APPROVED,0.562,51,MEDIUM,159,1,True
PRJ-SYNTH-01820,Highway,360,197,3,0,100,68,65,APPROVED,0.286,37,MEDIUM,0,0,True
PRJ-SYNTH-01821,Energy & Power,207,59,2,0,35,32,22,IN_REVIEW,0.912,76,HIGH,247,1,True
PRJ-SYNTH-01822,Highway,125,68,5,3,73,61,49,APPROVED,0.872,71,HIGH,229,1,True
PRJ-SYNTH-01823,Highway,148,65,2,4,6,3,0,IN_REVIEW,0.98,99,CRITICAL,358,1,True
PRJ-SYNTH-01824,Railway,158,88,4,3,50,45,33,APPROVED,0.935,80,CRITICAL,282,1,True
PRJ-SYNTH-01825,Railway,58,47,6,2,55,34,26,APPROVED,0.935,80,CRITICAL,287,1,True
PRJ-SYNTH-01826,Industrial Corridor,1487,343,2,2,100,90,73,IN_REVIEW,0.253,35,MEDIUM,0,0,True
PRJ-SYNTH-01827,Highway,188,96,6,0,35,27,10,APPROVED,0.98,95,CRITICAL,325,1,True
PRJ-SYNTH-01828,Highway,102,54,5,0,48,42,27,APPROVED,0.897,74,HIGH,249,1,True
PRJ-SYNTH-01829,Urban Infrastructure,162,193,9,2,76,59,47,APPROVED,0.944,82,CRITICAL,279,1,True
PRJ-SYNTH-01830,Railway,574,284,4,3,40,25,21,IN_REVIEW,0.98,99,CRITICAL,339,1,True
PRJ-SYNTH-01831,Highway,202,101,5,0,44,36,23,APPROVED,0.935,80,CRITICAL,265,1,True
PRJ-SYNTH-01832,Railway,152,107,8,3,16,9,0,APPROVED,0.98,99,CRITICAL,335,1,True
PRJ-SYNTH-01833,Highway,150,82,2,9,77,52,51,IN_REVIEW,0.98,97,CRITICAL,342,1,True
PRJ-SYNTH-01834,Highway,168,99,8,2,17,12,0,APPROVED,0.98,99,CRITICAL,331,1,True
PRJ-SYNTH-01835,Railway,289,124,3,0,86,63,51,APPROVED,0.679,57,MEDIUM,204,1,True
PRJ-SYNTH-01836,Railway,174,94,2,3,30,26,23,APPROVED,0.956,85,CRITICAL,273,1,True
PRJ-SYNTH-01837,Industrial Corridor,1070,271,0,0,46,35,36,IN_REVIEW,0.852,69,HIGH,246,1,True
PRJ-SYNTH-01838,Railway,99,63,8,1,23,16,0,IN_REVIEW,0.98,99,CRITICAL,345,1,True
PRJ-SYNTH-01839,Railway,444,231,5,3,50,34,24,IN_REVIEW,0.98,98,CRITICAL,347,1,True
PRJ-SYNTH-01840,Urban Infrastructure,140,155,6,3,82,77,54,IN_REVIEW,0.918,77,HIGH,274,1,True
PRJ-SYNTH-01841,Highway,157,84,1,2,46,27,24,APPROVED,0.889,73,HIGH,240,1,True
PRJ-SYNTH-01842,Urban Infrastructure,64,68,13,3,20,16,0,APPROVED,0.98,99,CRITICAL,347,1,True
PRJ-SYNTH-01843,Highway,352,220,5,2,57,40,27,IN_REVIEW,0.971,90,CRITICAL,298,1,True
PRJ-SYNTH-01844,Industrial Corridor,965,220,2,2,60,42,38,PENDING,0.956,85,CRITICAL,291,1,True
PRJ-SYNTH-01845,Highway,159,86,3,4,77,65,53,IN_REVIEW,0.872,71,HIGH,262,1,True
PRJ-SYNTH-01846,Railway,258,101,4,0,26,23,12,IN_REVIEW,0.966,88,CRITICAL,293,1,True
PRJ-SYNTH-01847,Highway,234,132,0,6,70,60,62,APPROVED,0.763,62,HIGH,216,1,True
PRJ-SYNTH-01848,Industrial Corridor,1437,330,2,2,92,76,74,APPROVED,0.521,49,MEDIUM,159,1,True
PRJ-SYNTH-01849,Railway,262,136,0,3,39,29,32,APPROVED,0.918,77,HIGH,274,1,True
PRJ-SYNTH-01850,Railway,242,124,6,0,60,46,34,APPROVED,0.889,73,HIGH,269,1,True
PRJ-SYNTH-01851,Highway,190,111,5,3,32,23,14,APPROVED,0.98,96,CRITICAL,328,1,True
PRJ-SYNTH-01852,Urban Infrastructure,68,76,7,0,81,52,41,APPROVED,0.805,65,HIGH,230,1,True
PRJ-SYNTH-01853,Highway,215,96,1,1,100,81,80,APPROVED,0.148,27,LOW,0,0,True
PRJ-SYNTH-01854,Energy & Power,213,55,3,4,30,21,13,APPROVED,0.98,95,CRITICAL,317,1,True
PRJ-SYNTH-01855,Highway,313,173,2,3,69,56,48,APPROVED,0.731,60,HIGH,215,1,True
PRJ-SYNTH-01856,Highway,120,69,5,2,66,53,44,IN_REVIEW,0.94,81,CRITICAL,290,1,True
PRJ-SYNTH-01857,Highway,226,121,3,1,63,60,51,APPROVED,0.642,55,MEDIUM,177,1,True
PRJ-SYNTH-01858,Railway,343,180,4,3,53,39,27,PENDING,0.975,92,CRITICAL,334,1,True
PRJ-SYNTH-01859,Railway,198,102,6,1,41,34,16,APPROVED,0.968,89,CRITICAL,330,1,True
PRJ-SYNTH-01860,Highway,225,121,4,3,19,14,4,IN_REVIEW,0.98,99,CRITICAL,333,1,True
PRJ-SYNTH-01861,Urban Infrastructure,89,108,10,3,45,38,20,APPROVED,0.98,99,CRITICAL,367,1,True
PRJ-SYNTH-01862,Railway,78,45,4,2,80,56,42,APPROVED,0.777,63,HIGH,220,1,True
PRJ-SYNTH-01863,Railway,183,83,4,4,86,59,63,IN_REVIEW,0.841,68,HIGH,236,1,True
PRJ-SYNTH-01864,Railway,524,206,4,3,63,49,47,APPROVED,0.889,73,HIGH,280,1,True
PRJ-SYNTH-01865,Railway,219,114,4,5,34,30,21,IN_REVIEW,0.98,99,CRITICAL,359,1,True
PRJ-SYNTH-01866,Railway,165,103,4,2,26,22,14,APPROVED,0.98,96,CRITICAL,326,1,True
PRJ-SYNTH-01867,Highway,68,47,4,2,43,33,29,APPROVED,0.94,81,CRITICAL,275,1,True
PRJ-SYNTH-01868,Highway,109,40,0,3,17,11,11,APPROVED,0.98,97,CRITICAL,344,1,True
PRJ-SYNTH-01869,Energy & Power,208,61,3,1,0,0,0,APPROVED,0.98,99,CRITICAL,351,1,True
PRJ-SYNTH-01870,Industrial Corridor,472,137,4,3,25,22,14,APPROVED,0.98,99,CRITICAL,345,1,True
PRJ-SYNTH-01871,Railway,372,189,4,3,66,43,32,IN_REVIEW,0.953,84,CRITICAL,283,1,True
PRJ-SYNTH-01872,Highway,124,88,2,3,21,18,9,IN_REVIEW,0.98,97,CRITICAL,331,1,True
PRJ-SYNTH-01873,Urban Infrastructure,81,92,11,0,56,36,12,PENDING,0.98,99,CRITICAL,346,1,True
PRJ-SYNTH-01874,Railway,493,227,2,0,41,37,28,PENDING,0.889,73,HIGH,231,1,True
PRJ-SYNTH-01875,Highway,332,162,6,0,86,72,55,APPROVED,0.747,61,HIGH,220,1,True
PRJ-SYNTH-01876,Highway,215,130,7,3,39,24,8,APPROVED,0.98,99,CRITICAL,350,1,True
PRJ-SYNTH-01877,Urban Infrastructure,30,39,8,1,41,24,11,IN_REVIEW,0.98,99,CRITICAL,332,1,True
PRJ-SYNTH-01878,Urban Infrastructure,65,73,5,3,38,32,20,APPROVED,0.98,99,CRITICAL,353,1,True
PRJ-SYNTH-01879,Highway,218,125,5,0,39,31,24,PENDING,0.975,92,CRITICAL,296,1,True
PRJ-SYNTH-01880,Highway,498,261,3,0,62,49,36,APPROVED,0.747,61,HIGH,219,1,True
PRJ-SYNTH-01881,Highway,68,47,4,1,66,51,36,APPROVED,0.83,67,HIGH,247,1,True
PRJ-SYNTH-01882,Urban Infrastructure,65,92,11,2,47,38,12,APPROVED,0.98,99,CRITICAL,352,1,True
PRJ-SYNTH-01883,Highway,247,130,5,1,25,22,13,APPROVED,0.98,97,CRITICAL,348,1,True
PRJ-SYNTH-01884,Highway,197,113,1,5,73,70,55,APPROVED,0.714,59,MEDIUM,216,1,True
PRJ-SYNTH-01885,Urban Infrastructure,76,88,6,1,25,17,2,APPROVED,0.98,99,CRITICAL,352,1,True
PRJ-SYNTH-01886,Highway,128,81,6,5,28,21,7,APPROVED,0.98,99,CRITICAL,345,1,True
PRJ-SYNTH-01887,Urban Infrastructure,113,113,6,2,41,27,17,APPROVED,0.98,97,CRITICAL,334,1,True
PRJ-SYNTH-01888,Highway,191,108,2,1,81,60,54,APPROVED,0.603,53,MEDIUM,202,1,True
PRJ-SYNTH-01889,Highway,207,82,3,3,32,28,21,APPROVED,0.975,92,CRITICAL,331,1,True
PRJ-SYNTH-01890,Highway,295,155,4,6,68,50,44,IN_REVIEW,0.949,83,CRITICAL,308,1,True
PRJ-SYNTH-01891,Urban Infrastructure,55,63,7,1,0,0,0,IN_REVIEW,0.98,99,CRITICAL,361,1,True
PRJ-SYNTH-01892,Energy & Power,407,118,1,3,76,70,56,PENDING,0.862,70,HIGH,227,1,True
PRJ-SYNTH-01893,Energy & Power,103,45,2,1,88,52,56,APPROVED,0.339,40,MEDIUM,0,0,True
PRJ-SYNTH-01894,Railway,318,178,5,1,72,65,50,APPROVED,0.763,62,HIGH,189,1,True
PRJ-SYNTH-01895,Urban Infrastructure,38,47,8,3,51,33,15,PENDING,0.98,99,CRITICAL,323,1,True
PRJ-SYNTH-01896,Highway,108,59,5,1,40,27,20,APPROVED,0.935,80,CRITICAL,252,1,True
PRJ-SYNTH-01897,Highway,406,206,3,1,36,24,18,APPROVED,0.966,88,CRITICAL,274,1,True
PRJ-SYNTH-01898,Energy & Power,107,41,4,6,37,34,24,APPROVED,0.98,96,CRITICAL,332,1,True
PRJ-SYNTH-01899,Highway,192,98,1,3,48,45,33,PENDING,0.953,84,CRITICAL,311,1,True
PRJ-SYNTH-01900,Highway,95,44,4,3,82,70,60,APPROVED,0.747,61,HIGH,218,1,True
PRJ-SYNTH-01901,Highway,315,145,3,0,57,42,29,APPROVED,0.852,69,HIGH,251,1,True
PRJ-SYNTH-01902,Highway,154,54,1,6,83,66,53,IN_REVIEW,0.791,64,HIGH,224,1,True
PRJ-SYNTH-01903,Highway,295,134,6,2,100,81,75,APPROVED,0.697,58,MEDIUM,205,1,True
PRJ-SYNTH-01904,Railway,361,172,1,3,100,96,80,PENDING,0.397,43,MEDIUM,0,0,True
PRJ-SYNTH-01905,Railway,655,322,4,5,58,54,39,APPROVED,0.93,79,HIGH,274,1,True
PRJ-SYNTH-01906,Energy & Power,90,27,3,3,46,42,36,IN_REVIEW,0.918,77,HIGH,271,1,True
PRJ-SYNTH-01907,Energy & Power,126,35,5,6,78,64,50,IN_REVIEW,0.94,81,CRITICAL,277,1,True
PRJ-SYNTH-01908,Highway,287,155,6,0,76,55,46,APPROVED,0.841,68,HIGH,219,1,True
PRJ-SYNTH-01909,Highway,217,121,10,4,63,42,20,APPROVED,0.98,99,CRITICAL,344,1,True
PRJ-SYNTH-01910,Railway,257,97,4,2,95,76,53,APPROVED,0.622,54,MEDIUM,171,1,True
PRJ-SYNTH-01911,Railway,604,305,3,8,36,23,17,IN_REVIEW,0.98,99,CRITICAL,359,1,True
PRJ-SYNTH-01912,Highway,186,102,6,5,63,38,35,APPROVED,0.975,92,CRITICAL,329,1,True
PRJ-SYNTH-01913,Urban Infrastructure,39,40,5,7,56,43,31,IN_REVIEW,0.98,99,CRITICAL,368,1,True
PRJ-SYNTH-01914,Railway,432,203,3,2,77,61,45,IN_REVIEW,0.747,61,HIGH,201,1,True
PRJ-SYNTH-01915,Railway,287,122,1,0,51,41,37,APPROVED,0.583,52,MEDIUM,161,1,True
PRJ-SYNTH-01916,Railway,296,143,0,2,74,45,46,IN_REVIEW,0.714,59,MEDIUM,183,1,True
PRJ-SYNTH-01917,Highway,253,135,1,2,18,12,12,APPROVED,0.96,86,CRITICAL,324,1,True
PRJ-SYNTH-01918,Industrial Corridor,988,245,5,0,57,46,34,PENDING,0.93,79,HIGH,270,1,True
PRJ-SYNTH-01919,Urban Infrastructure,33,46,6,3,98,96,84,APPROVED,0.642,55,MEDIUM,170,1,True
PRJ-SYNTH-01920,Highway,163,93,6,2,43,25,12,APPROVED,0.977,93,CRITICAL,332,1,True
PRJ-SYNTH-01921,Energy & Power,96,41,2,1,59,50,34,REJECTED,0.897,74,HIGH,253,1,True
PRJ-SYNTH-01922,Railway,327,182,6,4,82,49,43,PENDING,0.98,99,CRITICAL,332,1,True
PRJ-SYNTH-01923,Energy & Power,517,123,2,1,73,47,53,IN_REVIEW,0.747,61,HIGH,235,1,True
PRJ-SYNTH-01924,Urban Infrastructure,34,41,13,1,2,0,0,APPROVED,0.98,99,CRITICAL,344,1,True
PRJ-SYNTH-01925,Railway,136,89,13,0,41,29,7,IN_REVIEW,0.98,99,CRITICAL,355,1,True
PRJ-SYNTH-01926,Highway,137,74,2,0,71,65,46,APPROVED,0.438,45,MEDIUM,0,0,True
PRJ-SYNTH-01927,Highway,167,85,3,1,94,87,76,APPROVED,0.223,33,LOW,0,0,True
PRJ-SYNTH-01928,Railway,381,206,3,6,89,64,62,IN_REVIEW,0.889,73,HIGH,252,1,True
PRJ-SYNTH-01929,Urban Infrastructure,53,65,8,0,51,38,22,PENDING,0.98,99,CRITICAL,331,1,True
PRJ-SYNTH-01930,Highway,220,123,6,2,71,47,36,APPROVED,0.897,74,HIGH,248,1,True
PRJ-SYNTH-01931,Highway,146,77,2,2,60,45,42,IN_REVIEW,0.697,58,MEDIUM,217,1,True
PRJ-SYNTH-01932,Energy & Power,199,48,1,0,50,35,34,APPROVED,0.805,65,HIGH,231,1,True
PRJ-SYNTH-01933,Industrial Corridor,563,155,0,1,92,60,59,APPROVED,0.209,32,LOW,0,0,True
PRJ-SYNTH-01934,Railway,170,94,5,2,83,54,40,APPROVED,0.747,61,HIGH,218,1,True
PRJ-SYNTH-01935,Highway,262,129,3,0,67,59,45,APPROVED,0.731,60,HIGH,229,1,True
PRJ-SYNTH-01936,Highway,151,86,7,1,38,23,12,PENDING,0.98,99,CRITICAL,371,1,True
PRJ-SYNTH-01937,Highway,227,126,3,1,59,48,39,IN_REVIEW,0.881,72,HIGH,257,1,True
PRJ-SYNTH-01938,Industrial Corridor,560,157,3,3,61,39,35,IN_REVIEW,0.96,86,CRITICAL,318,1,True
PRJ-SYNTH-01939,Highway,187,87,4,2,82,75,54,REJECTED,0.935,80,CRITICAL,258,1,True
PRJ-SYNTH-01940,Railway,100,57,5,6,49,34,23,APPROVED,0.98,99,CRITICAL,355,1,True
PRJ-SYNTH-01941,Highway,157,76,3,3,61,36,31,PENDING,0.956,85,CRITICAL,294,1,True
PRJ-SYNTH-01942,Railway,205,121,3,0,65,49,43,APPROVED,0.583,52,MEDIUM,164,1,True
PRJ-SYNTH-01943,Urban Infrastructure,128,111,11,1,41,39,16,APPROVED,0.98,99,CRITICAL,332,1,True
PRJ-SYNTH-01944,Energy & Power,104,30,3,1,66,60,54,APPROVED,0.603,53,MEDIUM,173,1,True
PRJ-SYNTH-01945,Highway,174,102,3,2,63,51,50,APPROVED,0.818,66,HIGH,235,1,True
PRJ-SYNTH-01946,Highway,217,108,5,1,37,23,11,IN_REVIEW,0.979,94,CRITICAL,312,1,True
PRJ-SYNTH-01947,Highway,290,153,4,1,45,27,19,APPROVED,0.953,84,CRITICAL,304,1,True
PRJ-SYNTH-01948,Industrial Corridor,1034,277,2,0,26,21,17,APPROVED,0.918,77,HIGH,283,1,True
PRJ-SYNTH-01949,Energy & Power,212,44,3,0,42,37,29,APPROVED,0.818,66,HIGH,229,1,True
PRJ-SYNTH-01950,Railway,292,148,2,1,97,74,59,IN_REVIEW,0.339,40,MEDIUM,0,0,True
PRJ-SYNTH-01951,Urban Infrastructure,128,142,11,0,65,48,28,APPROVED,0.98,95,CRITICAL,334,1,True
PRJ-SYNTH-01952,Urban Infrastructure,63,66,5,4,37,32,18,APPROVED,0.966,88,CRITICAL,300,1,True
PRJ-SYNTH-01953,Highway,202,115,2,1,57,45,46,APPROVED,0.805,65,HIGH,249,1,True
PRJ-SYNTH-01954,Industrial Corridor,1159,311,0,1,43,29,34,APPROVED,0.889,73,HIGH,224,1,True
PRJ-SYNTH-01955,Railway,694,327,4,1,77,50,37,IN_REVIEW,0.862,70,HIGH,239,1,True
PRJ-SYNTH-01956,Railway,316,136,5,2,63,39,27,APPROVED,0.956,85,CRITICAL,274,1,True
PRJ-SYNTH-01957,Railway,351,169,5,4,74,60,45,IN_REVIEW,0.944,82,CRITICAL,295,1,True
PRJ-SYNTH-01958,Highway,269,144,2,3,54,48,31,APPROVED,0.889,73,HIGH,258,1,True
PRJ-SYNTH-01959,Highway,312,173,5,1,82,71,45,APPROVED,0.697,58,MEDIUM,214,1,True
PRJ-SYNTH-01960,Urban Infrastructure,119,146,6,4,26,21,11,PENDING,0.98,99,CRITICAL,348,1,True
PRJ-SYNTH-01961,Highway,141,76,3,0,45,42,34,PENDING,0.912,76,HIGH,271,1,True
PRJ-SYNTH-01962,Urban Infrastructure,81,91,10,4,40,29,11,APPROVED,0.98,99,CRITICAL,333,1,True
PRJ-SYNTH-01963,Highway,294,157,1,4,83,52,62,PENDING,0.862,70,HIGH,247,1,True
PRJ-SYNTH-01964,Railway,493,253,4,0,45,26,19,IN_REVIEW,0.918,77,HIGH,257,1,True
PRJ-SYNTH-01965,Highway,174,92,3,3,36,34,26,APPROVED,0.949,83,CRITICAL,299,1,True
PRJ-SYNTH-01966,Railway,321,168,1,3,63,50,47,APPROVED,0.622,54,MEDIUM,174,1,True
PRJ-SYNTH-01967,Urban Infrastructure,85,85,4,4,100,91,83,APPROVED,0.458,46,MEDIUM,153,1,True
PRJ-SYNTH-01968,Highway,190,116,5,0,33,25,12,IN_REVIEW,0.979,94,CRITICAL,327,1,True
PRJ-SYNTH-01969,Railway,318,165,3,2,91,67,67,APPROVED,0.642,55,MEDIUM,215,1,True
PRJ-SYNTH-01970,Railway,97,55,3,2,60,40,41,APPROVED,0.841,68,HIGH,238,1,True
PRJ-SYNTH-01971,Urban Infrastructure,306,303,15,2,42,36,3,APPROVED,0.98,99,CRITICAL,376,1,True
PRJ-SYNTH-01972,Industrial Corridor,717,155,3,4,45,26,23,APPROVED,0.956,85,CRITICAL,318,1,True
PRJ-SYNTH-01973,Urban Infrastructure,62,61,5,1,73,69,59,APPROVED,0.603,53,MEDIUM,180,1,True
PRJ-SYNTH-01974,Highway,77,51,4,1,84,56,44,REJECTED,0.944,82,CRITICAL,293,1,True
PRJ-SYNTH-01975,Highway,70,33,1,1,100,60,54,IN_REVIEW,0.438,45,MEDIUM,0,0,True
PRJ-SYNTH-01976,Highway,232,121,4,3,66,41,32,PENDING,0.96,86,CRITICAL,256,1,True
PRJ-SYNTH-01977,Railway,430,191,3,1,43,39,31,IN_REVIEW,0.862,70,HIGH,219,1,True
PRJ-SYNTH-01978,Highway,271,149,5,1,100,61,65,APPROVED,0.714,59,MEDIUM,213,1,True
PRJ-SYNTH-01979,Railway,195,113,2,0,50,35,34,PENDING,0.852,69,HIGH,249,1,True
PRJ-SYNTH-01980,Railway,388,204,3,6,41,26,21,APPROVED,0.98,99,CRITICAL,348,1,True
PRJ-SYNTH-01981,Highway,176,81,3,1,67,40,46,PENDING,0.852,69,HIGH,224,1,True
PRJ-SYNTH-01982,Urban Infrastructure,52,74,14,3,19,14,0,IN_REVIEW,0.98,99,CRITICAL,382,1,True
PRJ-SYNTH-01983,Highway,92,60,6,2,43,42,30,IN_REVIEW,0.977,93,CRITICAL,334,1,True
PRJ-SYNTH-01984,Highway,131,82,5,3,73,67,58,APPROVED,0.862,70,HIGH,260,1,True
PRJ-SYNTH-01985,Urban Infrastructure,90,91,10,0,100,65,47,IN_REVIEW,0.93,79,HIGH,290,1,True
PRJ-SYNTH-01986,Railway,323,169,5,4,71,66,41,IN_REVIEW,0.963,87,CRITICAL,306,1,True
PRJ-SYNTH-01987,Urban Infrastructure,73,75,7,2,84,64,39,APPROVED,0.841,68,HIGH,239,1,True
PRJ-SYNTH-01988,Railway,95,57,3,2,47,32,27,PENDING,0.971,90,CRITICAL,328,1,True
PRJ-SYNTH-01989,Highway,202,114,2,3,68,57,54,PENDING,0.897,74,HIGH,251,1,True
PRJ-SYNTH-01990,Energy & Power,159,44,0,0,17,11,10,APPROVED,0.83,67,HIGH,249,1,True
PRJ-SYNTH-01991,Urban Infrastructure,81,81,7,1,21,19,1,APPROVED,0.98,96,CRITICAL,338,1,True
PRJ-SYNTH-01992,Urban Infrastructure,132,123,8,3,56,46,29,APPROVED,0.98,96,CRITICAL,344,1,True
PRJ-SYNTH-01993,Highway,150,89,2,1,70,44,43,IN_REVIEW,0.714,59,MEDIUM,209,1,True
PRJ-SYNTH-01994,Railway,295,167,2,1,83,67,62,IN_REVIEW,0.438,45,MEDIUM,0,0,True
PRJ-SYNTH-01995,Railway,602,267,2,1,57,43,41,APPROVED,0.622,54,MEDIUM,186,1,True
PRJ-SYNTH-01996,Highway,211,96,1,4,100,77,70,APPROVED,0.339,40,MEDIUM,0,0,True
PRJ-SYNTH-01997,Industrial Corridor,760,192,6,4,69,49,43,APPROVED,0.977,93,CRITICAL,335,1,True
PRJ-SYNTH-01998,Highway,124,66,6,0,10,7,0,IN_REVIEW,0.98,99,CRITICAL,363,1,True
PRJ-SYNTH-01999,Industrial Corridor,1017,249,3,0,15,10,5,IN_REVIEW,0.98,99,CRITICAL,360,1,True
PRJ-SYNTH-02000,Railway,182,90,4,3,62,54,35,APPROVED,0.881,72,HIGH,243,1,True
PRJ-SYNTH-02001,Highway,323,154,1,2,57,53,44,APPROVED,0.791,64,HIGH,200,1,True
PRJ-SYNTH-02002,Railway,370,203,3,2,66,38,39,APPROVED,0.912,76,HIGH,278,1,True
PRJ-SYNTH-02003,Energy & Power,162,49,2,1,53,43,32,APPROVED,0.862,70,HIGH,242,1,True
PRJ-SYNTH-02004,Urban Infrastructure,39,44,5,0,42,37,26,APPROVED,0.905,75,HIGH,272,1,True
PRJ-SYNTH-02005,Energy & Power,143,38,3,2,42,26,19,APPROVED,0.93,79,HIGH,297,1,True
PRJ-SYNTH-02006,Urban Infrastructure,17,27,14,3,42,40,2,IN_REVIEW,0.98,99,CRITICAL,341,1,True
PRJ-SYNTH-02007,Urban Infrastructure,87,90,6,3,76,52,40,APPROVED,0.93,79,HIGH,265,1,True
PRJ-SYNTH-02008,Energy & Power,57,22,6,1,29,26,8,APPROVED,0.963,87,CRITICAL,289,1,True
PRJ-SYNTH-02009,Highway,179,99,1,3,60,50,36,APPROVED,0.763,62,HIGH,216,1,True
PRJ-SYNTH-02010,Railway,265,137,5,3,93,75,59,IN_REVIEW,0.881,72,HIGH,230,1,True
PRJ-SYNTH-02011,Highway,159,75,2,2,18,16,11,APPROVED,0.96,86,CRITICAL,306,1,True
PRJ-SYNTH-02012,Industrial Corridor,902,233,1,4,79,75,63,PENDING,0.818,66,HIGH,237,1,True
PRJ-SYNTH-02013,Industrial Corridor,624,157,4,0,53,51,29,APPROVED,0.862,70,HIGH,250,1,True
PRJ-SYNTH-02014,Highway,202,103,1,1,43,36,28,IN_REVIEW,0.924,78,HIGH,247,1,True
PRJ-SYNTH-02015,Urban Infrastructure,135,161,7,3,40,27,14,IN_REVIEW,0.98,99,CRITICAL,364,1,True
PRJ-SYNTH-02016,Industrial Corridor,940,226,2,6,87,80,72,APPROVED,0.791,64,HIGH,225,1,True
PRJ-SYNTH-02017,Highway,153,64,9,1,48,40,23,REJECTED,0.98,99,CRITICAL,339,1,True
PRJ-SYNTH-02018,Railway,284,128,4,1,32,22,15,APPROVED,0.968,89,CRITICAL,321,1,True
PRJ-SYNTH-02019,Industrial Corridor,679,184,2,6,40,37,30,APPROVED,0.98,96,CRITICAL,345,1,True
PRJ-SYNTH-02020,Highway,172,89,3,2,48,42,37,APPROVED,0.763,62,HIGH,199,1,True
PRJ-SYNTH-02021,Urban Infrastructure,75,82,5,4,79,60,40,IN_REVIEW,0.956,85,CRITICAL,296,1,True
PRJ-SYNTH-02022,Highway,90,61,10,2,37,28,3,APPROVED,0.98,99,CRITICAL,337,1,True
PRJ-SYNTH-02023,Industrial Corridor,403,100,2,0,61,59,46,APPROVED,0.521,49,MEDIUM,165,1,True
PRJ-SYNTH-02024,Industrial Corridor,545,154,4,2,41,29,22,APPROVED,0.971,90,CRITICAL,322,1,True
PRJ-SYNTH-02025,Industrial Corridor,917,222,2,0,52,30,24,APPROVED,0.83,67,HIGH,221,1,True
PRJ-SYNTH-02026,Railway,368,199,3,2,56,43,35,IN_REVIEW,0.924,78,HIGH,281,1,True
PRJ-SYNTH-02027,Energy & Power,326,84,0,1,41,38,29,APPROVED,0.777,63,HIGH,206,1,True
PRJ-SYNTH-02028,Energy & Power,135,50,2,6,42,34,29,APPROVED,0.98,98,CRITICAL,361,1,True
PRJ-SYNTH-02029,Highway,195,96,3,3,47,42,28,APPROVED,0.862,70,HIGH,235,1,True
PRJ-SYNTH-02030,Energy & Power,178,47,3,0,98,60,70,PENDING,0.458,46,MEDIUM,195,1,True
PRJ-SYNTH-02031,Highway,176,91,4,5,60,51,31,PENDING,0.98,99,CRITICAL,358,1,True
PRJ-SYNTH-02032,Railway,238,116,7,0,32,19,10,APPROVED,0.98,95,CRITICAL,329,1,True
PRJ-SYNTH-02033,Highway,210,108,3,1,81,65,53,PENDING,0.763,62,HIGH,202,1,True
PRJ-SYNTH-02034,Highway,134,98,11,7,70,54,37,APPROVED,0.98,99,CRITICAL,354,1,True
PRJ-SYNTH-02035,Highway,307,167,3,1,37,34,27,APPROVED,0.872,71,HIGH,263,1,True
PRJ-SYNTH-02036,Urban Infrastructure,127,128,7,3,95,60,45,APPROVED,0.93,79,HIGH,285,1,True
PRJ-SYNTH-02037,Highway,231,96,2,1,71,41,36,IN_REVIEW,0.791,64,HIGH,215,1,True
PRJ-SYNTH-02038,Urban Infrastructure,118,131,6,5,66,41,36,APPROVED,0.977,93,CRITICAL,346,1,True
PRJ-SYNTH-02039,Highway,88,63,5,3,66,43,31,APPROVED,0.918,77,HIGH,273,1,True
PRJ-SYNTH-02040,Highway,315,156,2,1,70,47,53,IN_REVIEW,0.777,63,HIGH,210,1,True
PRJ-SYNTH-02041,Railway,330,193,7,1,51,45,20,PENDING,0.98,99,CRITICAL,379,1,True
PRJ-SYNTH-02042,Urban Infrastructure,44,43,13,3,61,45,16,APPROVED,0.98,99,CRITICAL,356,1,True
PRJ-SYNTH-02043,Highway,131,69,8,1,44,40,13,IN_REVIEW,0.98,99,CRITICAL,352,1,True
PRJ-SYNTH-02044,Urban Infrastructure,156,167,8,1,92,63,45,APPROVED,0.872,71,HIGH,241,1,True
PRJ-SYNTH-02045,Energy & Power,329,71,0,4,15,13,12,APPROVED,0.966,88,CRITICAL,307,1,True
PRJ-SYNTH-02046,Urban Infrastructure,60,67,8,2,30,17,5,APPROVED,0.98,99,CRITICAL,334,1,True
PRJ-SYNTH-02047,Highway,88,66,11,1,57,54,28,APPROVED,0.975,92,CRITICAL,324,1,True
PRJ-SYNTH-02048,Highway,322,148,4,2,57,49,42,APPROVED,0.841,68,HIGH,246,1,True
PRJ-SYNTH-02049,Energy & Power,115,54,6,4,43,32,15,APPROVED,0.98,99,CRITICAL,317,1,True
PRJ-SYNTH-02050,Highway,156,78,5,2,61,49,41,APPROVED,0.905,75,HIGH,243,1,True
PRJ-SYNTH-02051,Energy & Power,203,49,3,4,30,28,16,APPROVED,0.953,84,CRITICAL,280,1,True
PRJ-SYNTH-02052,Railway,205,112,2,3,36,28,19,APPROVED,0.953,84,CRITICAL,271,1,True
PRJ-SYNTH-02053,Industrial Corridor,713,155,2,0,58,38,33,APPROVED,0.818,66,HIGH,218,1,True
PRJ-SYNTH-02054,Urban Infrastructure,66,75,5,0,67,54,47,PENDING,0.818,66,HIGH,253,1,True
PRJ-SYNTH-02055,Industrial Corridor,708,191,3,4,42,37,29,APPROVED,0.971,90,CRITICAL,332,1,True
PRJ-SYNTH-02056,Railway,323,176,2,0,17,15,10,IN_REVIEW,0.968,89,CRITICAL,302,1,True
PRJ-SYNTH-02057,Urban Infrastructure,159,150,10,1,55,44,23,APPROVED,0.971,90,CRITICAL,323,1,True
PRJ-SYNTH-02058,Railway,147,69,3,0,72,46,42,APPROVED,0.583,52,MEDIUM,164,1,True
PRJ-SYNTH-02059,Railway,302,159,3,2,33,28,19,APPROVED,0.956,85,CRITICAL,326,1,True
PRJ-SYNTH-02060,Urban Infrastructure,31,46,12,2,37,36,3,PENDING,0.98,99,CRITICAL,343,1,True
PRJ-SYNTH-02061,Energy & Power,90,31,3,4,83,65,53,APPROVED,0.679,57,MEDIUM,169,1,True
PRJ-SYNTH-02062,Industrial Corridor,1060,267,3,5,31,20,15,PENDING,0.98,99,CRITICAL,379,1,True
PRJ-SYNTH-02063,Urban Infrastructure,77,108,8,1,52,41,25,IN_REVIEW,0.98,97,CRITICAL,335,1,True
PRJ-SYNTH-02064,Railway,137,69,3,2,43,27,19,REJECTED,0.98,99,CRITICAL,377,1,True
PRJ-SYNTH-02065,Railway,260,115,5,3,100,97,68,PENDING,0.731,60,HIGH,223,1,True
PRJ-SYNTH-02066,Urban Infrastructure,36,50,10,0,19,17,0,PENDING,0.98,99,CRITICAL,350,1,True
PRJ-SYNTH-02067,Highway,53,31,4,4,13,8,0,APPROVED,0.98,99,CRITICAL,318,1,True
PRJ-SYNTH-02068,Highway,173,96,2,1,77,74,64,APPROVED,0.358,41,MEDIUM,0,0,True
PRJ-SYNTH-02069,Railway,374,176,4,1,50,47,35,APPROVED,0.881,72,HIGH,228,1,True
PRJ-SYNTH-02070,Highway,241,147,3,2,34,23,18,IN_REVIEW,0.979,94,CRITICAL,324,1,True
PRJ-SYNTH-02071,Highway,154,69,5,2,45,37,22,IN_REVIEW,0.977,93,CRITICAL,327,1,True
PRJ-SYNTH-02072,Highway,287,150,4,0,96,60,66,APPROVED,0.397,43,MEDIUM,0,0,True
PRJ-SYNTH-02073,Highway,334,165,2,2,62,37,42,IN_REVIEW,0.918,77,HIGH,260,1,True
PRJ-SYNTH-02074,Highway,255,156,4,1,95,74,55,APPROVED,0.521,49,MEDIUM,203,1,True
PRJ-SYNTH-02075,Industrial Corridor,622,138,2,1,31,17,17,APPROVED,0.953,84,CRITICAL,270,1,True
PRJ-SYNTH-02076,Railway,268,150,1,4,90,83,82,APPROVED,0.521,49,MEDIUM,159,1,True
PRJ-SYNTH-02077,Railway,522,272,4,4,34,30,18,PENDING,0.98,99,CRITICAL,349,1,True
PRJ-SYNTH-02078,Urban Infrastructure,54,67,10,1,80,49,43,IN_REVIEW,0.963,87,CRITICAL,269,1,True
PRJ-SYNTH-02079,Highway,242,123,5,2,86,51,38,PENDING,0.912,76,HIGH,248,1,True
PRJ-SYNTH-02080,Industrial Corridor,580,137,2,3,37,24,22,REJECTED,0.98,99,CRITICAL,353,1,True
PRJ-SYNTH-02081,Urban Infrastructure,116,135,8,3,63,59,31,APPROVED,0.979,94,CRITICAL,342,1,True
PRJ-SYNTH-02082,Highway,122,73,7,3,59,52,29,APPROVED,0.975,92,CRITICAL,307,1,True
PRJ-SYNTH-02083,Railway,273,149,3,3,83,70,67,APPROVED,0.458,46,MEDIUM,153,1,True
PRJ-SYNTH-02084,Energy & Power,289,76,3,0,32,28,17,PENDING,0.953,84,CRITICAL,301,1,True
PRJ-SYNTH-02085,Industrial Corridor,1403,363,0,5,54,33,30,APPROVED,0.96,86,CRITICAL,275,1,True
PRJ-SYNTH-02086,Railway,310,139,4,4,60,40,35,APPROVED,0.935,80,CRITICAL,277,1,True
PRJ-SYNTH-02087,Urban Infrastructure,56,64,7,6,92,66,64,APPROVED,0.93,79,HIGH,272,1,True
PRJ-SYNTH-02088,Highway,159,66,4,1,60,49,31,APPROVED,0.852,69,HIGH,267,1,True
PRJ-SYNTH-02089,Industrial Corridor,1064,273,1,0,39,30,25,APPROVED,0.841,68,HIGH,246,1,True
PRJ-SYNTH-02090,Highway,229,121,6,5,64,42,32,APPROVED,0.966,88,CRITICAL,308,1,True
PRJ-SYNTH-02091,Industrial Corridor,968,233,0,1,39,27,31,IN_REVIEW,0.889,73,HIGH,267,1,True
PRJ-SYNTH-02092,Urban Infrastructure,150,132,4,5,16,12,2,APPROVED,0.98,99,CRITICAL,349,1,True
PRJ-SYNTH-02093,Urban Infrastructure,69,72,11,1,44,31,8,PENDING,0.98,99,CRITICAL,332,1,True
PRJ-SYNTH-02094,Railway,332,153,5,1,64,38,31,IN_REVIEW,0.935,80,CRITICAL,290,1,True
PRJ-SYNTH-02095,Highway,158,96,4,0,63,41,34,PENDING,0.862,70,HIGH,257,1,True
PRJ-SYNTH-02096,Highway,127,59,0,2,66,43,41,APPROVED,0.679,57,MEDIUM,194,1,True
PRJ-SYNTH-02097,Highway,139,73,5,0,100,84,79,APPROVED,0.223,33,LOW,0,0,True
PRJ-SYNTH-02098,Highway,46,37,6,1,94,58,59,APPROVED,0.791,64,HIGH,253,1,True
PRJ-SYNTH-02099,Urban Infrastructure,91,94,7,4,33,30,17,PENDING,0.98,99,CRITICAL,349,1,True
PRJ-SYNTH-02100,Railway,337,199,5,2,81,49,42,APPROVED,0.862,70,HIGH,241,1,True
PRJ-SYNTH-02101,Highway,234,110,3,4,100,82,58,IN_REVIEW,0.777,63,HIGH,205,1,True
PRJ-SYNTH-02102,Industrial Corridor,558,116,3,5,100,96,65,PENDING,0.679,57,MEDIUM,186,1,True
PRJ-SYNTH-02103,Energy & Power,159,41,2,5,87,53,52,APPROVED,0.791,64,HIGH,225,1,True
PRJ-SYNTH-02104,Industrial Corridor,609,168,1,3,60,43,48,APPROVED,0.714,59,MEDIUM,197,1,True
PRJ-SYNTH-02105,Industrial Corridor,1119,275,1,3,30,19,22,IN_REVIEW,0.98,95,CRITICAL,341,1,True
PRJ-SYNTH-02106,Highway,203,126,5,2,33,23,16,IN_REVIEW,0.98,99,CRITICAL,340,1,True
PRJ-SYNTH-02107,Railway,289,147,5,3,70,57,38,IN_REVIEW,0.889,73,HIGH,298,1,True
PRJ-SYNTH-02108,Urban Infrastructure,103,99,9,0,58,39,25,APPROVED,0.949,83,CRITICAL,293,1,True
PRJ-SYNTH-02109,Urban Infrastructure,44,42,5,4,59,35,31,IN_REVIEW,0.977,93,CRITICAL,301,1,True
PRJ-SYNTH-02110,Highway,219,124,2,1,84,81,74,APPROVED,0.321,39,MEDIUM,0,0,True
PRJ-SYNTH-02111,Energy & Power,542,141,2,2,91,80,68,APPROVED,0.253,35,MEDIUM,0,0,True
PRJ-SYNTH-02112,Highway,321,143,2,3,91,58,55,APPROVED,0.458,46,MEDIUM,171,1,True
PRJ-SYNTH-02113,Highway,218,114,5,3,75,57,36,PENDING,0.956,85,CRITICAL,297,1,True
PRJ-SYNTH-02114,Railway,293,129,2,8,74,44,51,APPROVED,0.973,91,CRITICAL,324,1,True
PRJ-SYNTH-02115,Railway,347,149,4,1,45,26,22,APPROVED,0.93,79,HIGH,317,1,True
PRJ-SYNTH-02116,Railway,492,231,1,2,65,37,41,APPROVED,0.791,64,HIGH,220,1,True
PRJ-SYNTH-02117,Highway,330,164,5,1,66,57,50,PENDING,0.818,66,HIGH,242,1,True
PRJ-SYNTH-02118,Energy & Power,467,127,1,2,62,46,43,APPROVED,0.881,72,HIGH,268,1,True
PRJ-SYNTH-02119,Highway,208,125,4,3,19,16,5,APPROVED,0.98,98,CRITICAL,347,1,True
PRJ-SYNTH-02120,Highway,58,42,7,2,62,44,28,REJECTED,0.98,99,CRITICAL,322,1,True
PRJ-SYNTH-02121,Energy & Power,523,147,1,1,62,54,38,APPROVED,0.479,47,MEDIUM,176,1,True
PRJ-SYNTH-02122,Industrial Corridor,571,163,2,3,58,34,29,IN_REVIEW,0.953,84,CRITICAL,264,1,True
PRJ-SYNTH-02123,Energy & Power,62,22,1,3,77,65,48,APPROVED,0.5,48,MEDIUM,193,1,True
PRJ-SYNTH-02124,Energy & Power,318,80,2,0,75,55,46,APPROVED,0.521,49,MEDIUM,151,1,True
PRJ-SYNTH-02125,Urban Infrastructure,12,23,9,2,81,57,31,APPROVED,0.94,81,CRITICAL,312,1,True
PRJ-SYNTH-02126,Railway,286,151,3,3,75,67,50,PENDING,0.912,76,HIGH,267,1,True
PRJ-SYNTH-02127,Highway,58,48,6,0,46,28,15,APPROVED,0.968,89,CRITICAL,324,1,True
PRJ-SYNTH-02128,Railway,246,109,5,4,90,87,76,APPROVED,0.562,51,MEDIUM,186,1,True
PRJ-SYNTH-02129,Railway,527,256,4,4,96,85,80,PENDING,0.889,73,HIGH,270,1,True
PRJ-SYNTH-02130,Highway,219,124,2,3,61,44,42,PENDING,0.918,77,HIGH,239,1,True
PRJ-SYNTH-02131,Urban Infrastructure,67,102,8,4,84,82,62,APPROVED,0.918,77,HIGH,259,1,True
PRJ-SYNTH-02132,Railway,343,161,4,1,63,41,38,APPROVED,0.818,66,HIGH,237,1,True
PRJ-SYNTH-02133,Highway,36,24,7,0,83,62,54,APPROVED,0.714,59,MEDIUM,207,1,True
PRJ-SYNTH-02134,Highway,137,74,7,0,87,82,61,IN_REVIEW,0.697,58,MEDIUM,196,1,True
PRJ-SYNTH-02135,Urban Infrastructure,48,56,13,5,29,28,0,APPROVED,0.98,99,CRITICAL,349,1,True
PRJ-SYNTH-02136,Highway,246,147,1,3,98,66,76,IN_REVIEW,0.417,44,MEDIUM,0,0,True
PRJ-SYNTH-02137,Energy & Power,125,41,3,4,61,54,41,APPROVED,0.93,79,HIGH,309,1,True
PRJ-SYNTH-02138,Railway,307,180,8,5,62,42,26,APPROVED,0.98,99,CRITICAL,366,1,True
PRJ-SYNTH-02139,Railway,274,131,3,1,88,78,67,IN_REVIEW,0.661,56,MEDIUM,218,1,True
PRJ-SYNTH-02140,Railway,219,114,8,2,46,28,20,IN_REVIEW,0.98,99,CRITICAL,373,1,True
PRJ-SYNTH-02141,Energy & Power,165,47,1,4,88,64,61,IN_REVIEW,0.642,55,MEDIUM,199,1,True
PRJ-SYNTH-02142,Highway,179,93,6,1,60,36,29,IN_REVIEW,0.96,86,CRITICAL,286,1,True
PRJ-SYNTH-02143,Urban Infrastructure,16,13,6,6,44,34,21,APPROVED,0.98,99,CRITICAL,342,1,True
PRJ-SYNTH-02144,Railway,387,189,4,5,75,64,59,IN_REVIEW,0.93,79,HIGH,281,1,True
PRJ-SYNTH-02145,Highway,126,53,3,6,91,67,65,PENDING,0.924,78,HIGH,275,1,True
PRJ-SYNTH-02146,Energy & Power,191,59,2,4,64,53,44,APPROVED,0.841,68,HIGH,218,1,True
PRJ-SYNTH-02147,Urban Infrastructure,155,176,9,1,26,19,1,APPROVED,0.98,99,CRITICAL,351,1,True
PRJ-SYNTH-02148,Urban Infrastructure,105,122,6,6,47,32,17,IN_REVIEW,0.98,99,CRITICAL,329,1,True
PRJ-SYNTH-02149,Energy & Power,112,29,1,3,45,35,30,APPROVED,0.881,72,HIGH,281,1,True
PRJ-SYNTH-02150,Energy & Power,28,18,6,2,100,62,62,APPROVED,0.562,51,MEDIUM,190,1,True
PRJ-SYNTH-02151,Urban Infrastructure,90,118,12,3,25,18,0,PENDING,0.98,99,CRITICAL,343,1,True
PRJ-SYNTH-02152,Energy & Power,195,58,5,3,0,0,0,APPROVED,0.98,99,CRITICAL,347,1,True
PRJ-SYNTH-02153,Urban Infrastructure,75,91,12,10,37,21,0,IN_REVIEW,0.98,99,CRITICAL,372,1,True
PRJ-SYNTH-02154,Urban Infrastructure,103,108,6,1,60,47,38,APPROVED,0.905,75,HIGH,240,1,True
PRJ-SYNTH-02155,Urban Infrastructure,112,132,7,1,55,47,29,APPROVED,0.966,88,CRITICAL,300,1,True
PRJ-SYNTH-02156,Urban Infrastructure,51,59,8,1,57,43,22,IN_REVIEW,0.98,99,CRITICAL,354,1,True
PRJ-SYNTH-02157,Highway,177,94,6,5,24,19,4,APPROVED,0.98,99,CRITICAL,315,1,True
PRJ-SYNTH-02158,Energy & Power,268,83,1,5,65,52,47,PENDING,0.949,83,CRITICAL,288,1,True
PRJ-SYNTH-02159,Energy & Power,277,93,1,2,38,33,30,APPROVED,0.83,67,HIGH,227,1,True
PRJ-SYNTH-02160,Highway,204,104,3,3,83,65,67,REJECTED,0.912,76,HIGH,303,1,True
PRJ-SYNTH-02161,Energy & Power,434,75,1,1,34,24,19,IN_REVIEW,0.935,80,CRITICAL,277,1,True
PRJ-SYNTH-02162,Highway,228,125,6,1,53,48,34,APPROVED,0.93,79,HIGH,261,1,True
PRJ-SYNTH-02163,Highway,259,149,4,3,39,22,18,IN_REVIEW,0.98,98,CRITICAL,329,1,True
PRJ-SYNTH-02164,Urban Infrastructure,78,66,10,3,73,51,33,APPROVED,0.98,96,CRITICAL,295,1,True
PRJ-SYNTH-02165,Highway,113,57,3,0,48,39,37,PENDING,0.912,76,HIGH,291,1,True
PRJ-SYNTH-02166,Energy & Power,155,49,2,1,35,32,22,APPROVED,0.777,63,HIGH,222,1,True
PRJ-SYNTH-02167,Energy & Power,109,33,1,1,89,55,52,REJECTED,0.841,68,HIGH,235,1,True
PRJ-SYNTH-02168,Railway,428,200,4,2,9,3,0,APPROVED,0.98,99,CRITICAL,360,1,True
PRJ-SYNTH-02169,Highway,82,45,3,3,77,54,41,IN_REVIEW,0.841,68,HIGH,246,1,True
PRJ-SYNTH-02170,Highway,174,80,6,1,64,46,39,APPROVED,0.924,78,HIGH,273,1,True
PRJ-SYNTH-02171,Urban Infrastructure,52,61,8,1,100,93,68,APPROVED,0.562,51,MEDIUM,163,1,True
PRJ-SYNTH-02172,Industrial Corridor,664,178,3,6,76,72,49,APPROVED,0.763,62,HIGH,208,1,True
PRJ-SYNTH-02173,Urban Infrastructure,54,72,9,4,64,38,21,APPROVED,0.98,99,CRITICAL,348,1,True
PRJ-SYNTH-02174,Highway,372,207,5,1,36,19,10,APPROVED,0.96,86,CRITICAL,311,1,True
PRJ-SYNTH-02175,Urban Infrastructure,15,15,11,5,43,40,15,APPROVED,0.98,99,CRITICAL,326,1,True
PRJ-SYNTH-02176,Railway,469,219,2,4,68,42,36,PENDING,0.944,82,CRITICAL,285,1,True
PRJ-SYNTH-02177,Urban Infrastructure,57,70,12,3,82,59,39,APPROVED,0.98,98,CRITICAL,362,1,True
PRJ-SYNTH-02178,Highway,271,142,6,2,36,24,10,APPROVED,0.98,99,CRITICAL,327,1,True
PRJ-SYNTH-02179,Urban Infrastructure,69,71,13,1,0,0,0,PENDING,0.98,99,CRITICAL,357,1,True
PRJ-SYNTH-02180,Railway,171,99,7,0,56,39,32,APPROVED,0.897,74,HIGH,239,1,True
PRJ-SYNTH-02181,Industrial Corridor,1231,295,2,4,22,13,11,APPROVED,0.98,97,CRITICAL,331,1,True
PRJ-SYNTH-02182,Highway,314,161,2,3,82,67,69,IN_REVIEW,0.777,63,HIGH,190,1,True
PRJ-SYNTH-02183,Urban Infrastructure,32,50,10,0,87,73,45,APPROVED,0.889,73,HIGH,260,1,True
PRJ-SYNTH-02184,Industrial Corridor,943,236,2,4,87,68,55,APPROVED,0.731,60,HIGH,198,1,True
PRJ-SYNTH-02185,Highway,140,85,2,0,49,45,31,APPROVED,0.747,61,HIGH,183,1,True
PRJ-SYNTH-02186,Industrial Corridor,421,110,3,3,100,92,74,APPROVED,0.438,45,MEDIUM,0,0,True
PRJ-SYNTH-02187,Urban Infrastructure,39,37,5,4,38,25,13,APPROVED,0.98,99,CRITICAL,362,1,True
PRJ-SYNTH-02188,Highway,329,128,1,1,38,29,30,APPROVED,0.852,69,HIGH,247,1,True
PRJ-SYNTH-02189,Highway,274,131,2,2,97,87,82,IN_REVIEW,0.397,43,MEDIUM,0,0,True
PRJ-SYNTH-02190,Urban Infrastructure,55,81,9,0,42,38,16,IN_REVIEW,0.98,97,CRITICAL,351,1,True
PRJ-SYNTH-02191,Highway,330,173,5,5,61,41,36,APPROVED,0.975,92,CRITICAL,311,1,True
PRJ-SYNTH-02192,Railway,442,207,1,2,88,68,53,APPROVED,0.303,38,MEDIUM,0,0,True
PRJ-SYNTH-02193,Highway,127,71,5,2,30,23,10,APPROVED,0.98,96,CRITICAL,368,1,True
PRJ-SYNTH-02194,Urban Infrastructure,157,163,7,1,41,34,19,APPROVED,0.973,91,CRITICAL,320,1,True
PRJ-SYNTH-02195,Highway,156,98,3,2,45,31,26,PENDING,0.98,95,CRITICAL,319,1,True
PRJ-SYNTH-02196,Energy & Power,193,53,4,1,53,37,31,APPROVED,0.818,66,HIGH,236,1,True
PRJ-SYNTH-02197,Industrial Corridor,353,94,1,1,45,38,28,PENDING,0.924,78,HIGH,267,1,True
PRJ-SYNTH-02198,Industrial Corridor,610,175,0,1,74,54,57,APPROVED,0.479,47,MEDIUM,163,1,True
PRJ-SYNTH-02199,Urban Infrastructure,61,66,7,6,63,37,33,PENDING,0.98,99,CRITICAL,357,1,True
PRJ-SYNTH-02200,Highway,214,99,4,2,59,56,41,IN_REVIEW,0.889,73,HIGH,247,1,True
PRJ-SYNTH-02201,Urban Infrastructure,31,30,2,3,67,43,40,APPROVED,0.777,63,HIGH,177,1,True
PRJ-SYNTH-02202,Highway,130,65,7,6,38,24,9,APPROVED,0.98,99,CRITICAL,343,1,True
PRJ-SYNTH-02203,Highway,369,189,4,1,59,52,35,APPROVED,0.791,64,HIGH,231,1,True
PRJ-SYNTH-02204,Highway,295,152,1,3,21,13,12,APPROVED,0.966,88,CRITICAL,334,1,True
PRJ-SYNTH-02205,Railway,463,250,2,1,86,60,52,APPROVED,0.438,45,MEDIUM,0,0,True
PRJ-SYNTH-02206,Urban Infrastructure,64,62,9,1,37,30,13,APPROVED,0.979,94,CRITICAL,324,1,True
PRJ-SYNTH-02207,Urban Infrastructure,81,98,11,1,35,20,0,IN_REVIEW,0.98,99,CRITICAL,353,1,True
PRJ-SYNTH-02208,Railway,363,173,8,2,29,18,4,APPROVED,0.98,99,CRITICAL,342,1,True
PRJ-SYNTH-02209,Highway,367,181,4,4,62,36,33,APPROVED,0.94,81,CRITICAL,296,1,True
PRJ-SYNTH-02210,Industrial Corridor,418,102,2,5,48,33,26,PENDING,0.966,88,CRITICAL,305,1,True
PRJ-SYNTH-02211,Railway,226,119,5,5,73,68,60,APPROVED,0.912,76,HIGH,277,1,True
PRJ-SYNTH-02212,Railway,313,144,3,4,34,31,24,IN_REVIEW,0.973,91,CRITICAL,343,1,True
PRJ-SYNTH-02213,Highway,194,106,6,2,59,41,28,APPROVED,0.94,81,CRITICAL,321,1,True
PRJ-SYNTH-02214,Urban Infrastructure,40,58,5,1,68,45,41,APPROVED,0.841,68,HIGH,215,1,True
PRJ-SYNTH-02215,Urban Infrastructure,90,96,5,1,77,49,47,APPROVED,0.714,59,MEDIUM,179,1,True
PRJ-SYNTH-02216,Highway,148,91,4,2,75,55,50,APPROVED,0.872,71,HIGH,234,1,True
PRJ-SYNTH-02217,Highway,187,107,9,0,28,24,3,APPROVED,0.98,99,CRITICAL,345,1,True
PRJ-SYNTH-02218,Urban Infrastructure,88,90,8,1,54,49,33,APPROVED,0.935,80,CRITICAL,272,1,True
PRJ-SYNTH-02219,Urban Infrastructure,50,53,10,2,47,28,14,APPROVED,0.98,99,CRITICAL,365,1,True
PRJ-SYNTH-02220,Highway,264,147,5,3,31,19,11,APPROVED,0.98,99,CRITICAL,334,1,True
PRJ-SYNTH-02221,Industrial Corridor,1073,259,3,6,59,37,27,APPROVED,0.98,99,CRITICAL,329,1,True
PRJ-SYNTH-02222,Highway,131,77,3,0,25,22,12,IN_REVIEW,0.977,93,CRITICAL,345,1,True
PRJ-SYNTH-02223,Railway,229,113,4,1,64,48,39,IN_REVIEW,0.935,80,CRITICAL,288,1,True
PRJ-SYNTH-02224,Industrial Corridor,529,142,1,3,93,68,76,REJECTED,0.805,65,HIGH,231,1,True
PRJ-SYNTH-02225,Railway,282,155,4,0,83,80,64,APPROVED,0.5,48,MEDIUM,151,1,True
PRJ-SYNTH-02226,Urban Infrastructure,80,89,7,5,64,61,37,IN_REVIEW,0.98,97,CRITICAL,355,1,True
PRJ-SYNTH-02227,Railway,558,250,8,2,59,43,20,APPROVED,0.98,99,CRITICAL,343,1,True
PRJ-SYNTH-02228,Highway,158,100,7,1,51,32,22,APPROVED,0.963,87,CRITICAL,306,1,True
PRJ-SYNTH-02229,Industrial Corridor,846,202,5,1,100,64,56,IN_REVIEW,0.731,60,HIGH,215,1,True
PRJ-SYNTH-02230,Railway,226,132,6,1,50,30,22,APPROVED,0.94,81,CRITICAL,304,1,True
PRJ-SYNTH-02231,Energy & Power,169,66,3,4,27,22,16,APPROVED,0.979,94,CRITICAL,335,1,True
PRJ-SYNTH-02232,Highway,219,116,6,1,75,60,51,APPROVED,0.841,68,HIGH,227,1,True
PRJ-SYNTH-02233,Highway,152,89,8,0,64,51,39,IN_REVIEW,0.966,88,CRITICAL,307,1,True
PRJ-SYNTH-02234,Highway,181,91,4,4,31,18,13,APPROVED,0.98,99,CRITICAL,356,1,True
PRJ-SYNTH-02235,Urban Infrastructure,84,118,13,0,35,30,5,APPROVED,0.98,99,CRITICAL,371,1,True
PRJ-SYNTH-02236,Railway,315,138,4,3,63,49,42,REJECTED,0.966,88,CRITICAL,301,1,True
PRJ-SYNTH-02237,Energy & Power,167,56,2,0,47,29,31,APPROVED,0.83,67,HIGH,227,1,True
PRJ-SYNTH-02238,Railway,435,225,3,0,83,72,64,APPROVED,0.321,39,MEDIUM,0,0,True
PRJ-SYNTH-02239,Industrial Corridor,409,112,1,2,44,42,39,APPROVED,0.841,68,HIGH,224,1,True
PRJ-SYNTH-02240,Highway,28,16,1,2,57,44,36,APPROVED,0.642,55,MEDIUM,183,1,True
PRJ-SYNTH-02241,Energy & Power,292,74,0,3,54,34,40,APPROVED,0.763,62,HIGH,217,1,True
PRJ-SYNTH-02242,Urban Infrastructure,77,74,11,2,59,37,13,PENDING,0.98,99,CRITICAL,353,1,True
PRJ-SYNTH-02243,Urban Infrastructure,31,38,3,1,76,46,38,APPROVED,0.714,59,MEDIUM,221,1,True
PRJ-SYNTH-02244,Energy & Power,232,59,1,1,74,66,57,IN_REVIEW,0.438,45,MEDIUM,0,0,True
PRJ-SYNTH-02245,Urban Infrastructure,44,59,7,0,8,6,0,APPROVED,0.98,99,CRITICAL,347,1,True
PRJ-SYNTH-02246,Urban Infrastructure,88,101,8,0,57,46,28,APPROVED,0.93,79,HIGH,285,1,True
PRJ-SYNTH-02247,Highway,32,20,9,1,63,56,35,APPROVED,0.94,81,CRITICAL,260,1,True
PRJ-SYNTH-02248,Highway,165,70,2,3,76,75,53,APPROVED,0.5,48,MEDIUM,169,1,True
PRJ-SYNTH-02249,Industrial Corridor,627,149,1,3,59,43,44,APPROVED,0.83,67,HIGH,258,1,True
PRJ-SYNTH-02250,Urban Infrastructure,104,122,7,4,55,47,36,APPROVED,0.968,89,CRITICAL,323,1,True
PRJ-SYNTH-02251,Urban Infrastructure,15,15,6,0,41,30,20,IN_REVIEW,0.96,86,CRITICAL,300,1,True
PRJ-SYNTH-02252,Railway,288,132,4,1,90,65,50,IN_REVIEW,0.747,61,HIGH,224,1,True
PRJ-SYNTH-02253,Highway,239,122,5,1,23,20,9,IN_REVIEW,0.98,99,CRITICAL,327,1,True
PRJ-SYNTH-02254,Highway,397,205,7,5,65,51,26,APPROVED,0.98,99,CRITICAL,353,1,True
PRJ-SYNTH-02255,Urban Infrastructure,48,60,7,2,29,18,5,APPROVED,0.98,99,CRITICAL,345,1,True
PRJ-SYNTH-02256,Railway,323,180,6,2,44,31,20,PENDING,0.98,99,CRITICAL,348,1,True
PRJ-SYNTH-02257,Highway,70,36,5,7,56,51,43,APPROVED,0.966,88,CRITICAL,302,1,True
PRJ-SYNTH-02258,Railway,282,153,3,2,10,8,2,APPROVED,0.98,99,CRITICAL,367,1,True
PRJ-SYNTH-02259,Highway,308,126,1,4,28,22,20,APPROVED,0.977,93,CRITICAL,318,1,True
PRJ-SYNTH-02260,Railway,569,294,4,3,18,10,4,APPROVED,0.98,99,CRITICAL,330,1,True
PRJ-SYNTH-02261,Highway,225,127,3,6,71,48,44,APPROVED,0.944,82,CRITICAL,264,1,True
PRJ-SYNTH-02262,Urban Infrastructure,20,37,16,2,66,50,25,APPROVED,0.98,99,CRITICAL,314,1,True
PRJ-SYNTH-02263,Highway,330,165,4,6,19,14,3,IN_REVIEW,0.98,99,CRITICAL,349,1,True
PRJ-SYNTH-02264,Railway,135,63,6,1,51,30,20,APPROVED,0.96,86,CRITICAL,289,1,True
PRJ-SYNTH-02265,Highway,102,80,3,2,67,46,35,APPROVED,0.697,58,MEDIUM,183,1,True
PRJ-SYNTH-02266,Highway,342,155,6,2,62,52,33,PENDING,0.98,98,CRITICAL,339,1,True
PRJ-SYNTH-02267,Railway,274,141,6,1,100,85,65,APPROVED,0.679,57,MEDIUM,209,1,True
PRJ-SYNTH-02268,Railway,218,117,6,0,59,49,31,IN_REVIEW,0.918,77,HIGH,268,1,True
PRJ-SYNTH-02269,Urban Infrastructure,99,109,7,0,31,29,15,APPROVED,0.98,95,CRITICAL,334,1,True
PRJ-SYNTH-02270,Highway,201,96,6,2,74,60,48,PENDING,0.966,88,CRITICAL,325,1,True
PRJ-SYNTH-02271,Urban Infrastructure,120,119,7,0,94,65,59,IN_REVIEW,0.93,79,HIGH,288,1,True
PRJ-SYNTH-02272,Energy & Power,245,74,3,0,27,24,17,APPROVED,0.94,81,CRITICAL,285,1,True
PRJ-SYNTH-02273,Urban Infrastructure,76,77,7,0,67,49,42,PENDING,0.956,85,CRITICAL,282,1,True
PRJ-SYNTH-02274,Highway,291,133,4,3,59,39,37,IN_REVIEW,0.968,89,CRITICAL,303,1,True
PRJ-SYNTH-02275,Railway,272,155,2,2,38,29,19,APPROVED,0.956,85,CRITICAL,297,1,True
PRJ-SYNTH-02276,Highway,119,53,5,2,41,28,16,REJECTED,0.98,99,CRITICAL,357,1,True
PRJ-SYNTH-02277,Highway,260,112,0,1,100,74,86,APPROVED,0.076,18,LOW,0,0,True
PRJ-SYNTH-02278,Industrial Corridor,688,161,2,4,81,69,63,APPROVED,0.697,58,MEDIUM,193,1,True
PRJ-SYNTH-02279,Highway,212,123,5,4,68,66,38,PENDING,0.975,92,CRITICAL,328,1,True
PRJ-SYNTH-02280,Railway,106,50,2,5,24,20,14,IN_REVIEW,0.98,97,CRITICAL,365,1,True
PRJ-SYNTH-02281,Urban Infrastructure,61,73,6,1,72,50,48,APPROVED,0.872,71,HIGH,252,1,True
PRJ-SYNTH-02282,Urban Infrastructure,47,52,5,2,85,53,58,APPROVED,0.661,56,MEDIUM,205,1,True
PRJ-SYNTH-02283,Railway,104,50,4,0,24,17,9,APPROVED,0.975,92,CRITICAL,316,1,True
PRJ-SYNTH-02284,Highway,178,82,2,0,62,36,43,APPROVED,0.603,53,MEDIUM,182,1,True
PRJ-SYNTH-02285,Highway,180,97,3,1,85,65,59,APPROVED,0.583,52,MEDIUM,156,1,True
PRJ-SYNTH-02286,Railway,328,191,3,2,82,68,57,APPROVED,0.562,51,MEDIUM,180,1,True
PRJ-SYNTH-02287,Highway,305,131,2,2,77,60,52,IN_REVIEW,0.818,66,HIGH,189,1,True
PRJ-SYNTH-02288,Railway,415,218,1,1,64,58,57,APPROVED,0.661,56,MEDIUM,173,1,True
PRJ-SYNTH-02289,Highway,149,70,7,0,81,63,49,APPROVED,0.805,65,HIGH,232,1,True
PRJ-SYNTH-02290,Highway,203,93,3,1,64,49,39,APPROVED,0.731,60,HIGH,195,1,True
PRJ-SYNTH-02291,Railway,348,161,0,0,78,54,55,PENDING,0.603,53,MEDIUM,155,1,True
PRJ-SYNTH-02292,Highway,151,94,5,8,66,60,42,APPROVED,0.975,92,CRITICAL,323,1,True
PRJ-SYNTH-02293,Railway,140,90,5,3,30,27,13,APPROVED,0.979,94,CRITICAL,305,1,True
PRJ-SYNTH-02294,Urban Infrastructure,58,61,7,1,31,30,10,APPROVED,0.98,95,CRITICAL,348,1,True
PRJ-SYNTH-02295,Energy & Power,389,93,0,5,28,26,24,IN_REVIEW,0.975,92,CRITICAL,329,1,True
PRJ-SYNTH-02296,Highway,83,69,8,2,43,41,14,APPROVED,0.98,96,CRITICAL,363,1,True
PRJ-SYNTH-02297,Highway,113,54,4,0,79,69,63,PENDING,0.679,57,MEDIUM,205,1,True
PRJ-SYNTH-02298,Highway,126,75,5,1,65,52,38,APPROVED,0.818,66,HIGH,259,1,True
PRJ-SYNTH-02299,Urban Infrastructure,34,36,5,5,56,37,33,APPROVED,0.973,91,CRITICAL,304,1,True
PRJ-SYNTH-02300,Urban Infrastructure,99,101,9,2,85,76,55,IN_REVIEW,0.93,79,HIGH,267,1,True
PRJ-SYNTH-02301,Highway,137,68,5,2,49,43,28,APPROVED,0.905,75,HIGH,266,1,True
PRJ-SYNTH-02302,Industrial Corridor,987,215,3,0,74,67,47,APPROVED,0.562,51,MEDIUM,176,1,True
PRJ-SYNTH-02303,Highway,190,114,4,0,50,38,30,APPROVED,0.83,67,HIGH,236,1,True
PRJ-SYNTH-02304,Railway,122,57,3,0,23,21,15,PENDING,0.966,88,CRITICAL,307,1,True
PRJ-SYNTH-02305,Urban Infrastructure,51,48,8,2,34,29,7,APPROVED,0.98,99,CRITICAL,343,1,True
PRJ-SYNTH-02306,Energy & Power,356,90,0,2,45,29,28,IN_REVIEW,0.897,74,HIGH,244,1,True
PRJ-SYNTH-02307,Urban Infrastructure,73,71,7,4,18,11,0,PENDING,0.98,99,CRITICAL,335,1,True
PRJ-SYNTH-02308,Energy & Power,183,63,3,3,56,51,45,IN_REVIEW,0.912,76,HIGH,252,1,True
PRJ-SYNTH-02309,Highway,313,181,6,6,37,26,15,APPROVED,0.98,99,CRITICAL,331,1,True
PRJ-SYNTH-02310,Energy & Power,118,32,0,4,100,69,76,IN_REVIEW,0.417,44,MEDIUM,0,0,True
PRJ-SYNTH-02311,Highway,139,71,3,2,54,40,33,APPROVED,0.889,73,HIGH,244,1,True
PRJ-SYNTH-02312,Energy & Power,340,84,1,3,42,27,26,APPROVED,0.889,73,HIGH,247,1,True
PRJ-SYNTH-02313,Railway,372,180,2,2,34,30,22,APPROVED,0.949,83,CRITICAL,311,1,True
PRJ-SYNTH-02314,Energy & Power,112,54,5,1,29,17,8,APPROVED,0.977,93,CRITICAL,332,1,True
PRJ-SYNTH-02315,Railway,343,205,3,2,82,58,57,IN_REVIEW,0.818,66,HIGH,243,1,True
PRJ-SYNTH-02316,Urban Infrastructure,43,62,10,4,74,60,33,APPROVED,0.98,97,CRITICAL,356,1,True
PRJ-SYNTH-02317,Railway,101,38,2,3,12,11,4,APPROVED,0.98,96,CRITICAL,360,1,True
PRJ-SYNTH-02318,Urban Infrastructure,54,53,9,5,100,90,68,PENDING,0.949,83,CRITICAL,290,1,True
PRJ-SYNTH-02319,Highway,410,222,2,2,63,36,31,PENDING,0.94,81,CRITICAL,287,1,True
PRJ-SYNTH-02320,Highway,289,174,3,4,86,78,69,APPROVED,0.805,65,HIGH,219,1,True
PRJ-SYNTH-02321,Highway,182,86,7,3,34,28,10,REJECTED,0.98,99,CRITICAL,333,1,True
PRJ-SYNTH-02322,Highway,80,53,6,4,31,19,6,PENDING,0.98,99,CRITICAL,324,1,True
PRJ-SYNTH-02323,Energy & Power,59,13,1,3,57,48,40,PENDING,0.912,76,HIGH,250,1,True
PRJ-SYNTH-02324,Highway,190,112,1,4,72,65,48,APPROVED,0.679,57,MEDIUM,191,1,True
PRJ-SYNTH-02325,Industrial Corridor,884,186,5,2,62,50,35,APPROVED,0.924,78,HIGH,275,1,True
PRJ-SYNTH-02326,Highway,255,125,2,4,91,89,61,APPROVED,0.542,50,MEDIUM,157,1,True
PRJ-SYNTH-02327,Highway,242,142,7,0,10,6,0,IN_REVIEW,0.98,99,CRITICAL,331,1,True
PRJ-SYNTH-02328,Urban Infrastructure,98,96,6,2,78,66,42,PENDING,0.94,81,CRITICAL,252,1,True
PRJ-SYNTH-02329,Urban Infrastructure,78,106,15,3,55,33,2,IN_REVIEW,0.98,99,CRITICAL,336,1,True
PRJ-SYNTH-02330,Railway,450,222,1,3,71,63,56,APPROVED,0.777,63,HIGH,221,1,True
PRJ-SYNTH-02331,Railway,225,133,5,4,23,18,8,APPROVED,0.98,99,CRITICAL,347,1,True
PRJ-SYNTH-02332,Urban Infrastructure,67,76,7,3,34,27,7,APPROVED,0.98,99,CRITICAL,341,1,True
PRJ-SYNTH-02333,Highway,72,41,1,4,79,69,58,IN_REVIEW,0.661,56,MEDIUM,192,1,True
PRJ-SYNTH-02334,Industrial Corridor,625,167,2,5,0,0,0,REJECTED,0.98,99,CRITICAL,346,1,True
PRJ-SYNTH-02335,Industrial Corridor,1076,259,2,3,14,10,7,APPROVED,0.98,99,CRITICAL,365,1,True
PRJ-SYNTH-02336,Urban Infrastructure,96,87,6,0,67,54,42,APPROVED,0.818,66,HIGH,225,1,True
PRJ-SYNTH-02337,Highway,47,28,3,3,74,59,41,IN_REVIEW,0.805,65,HIGH,225,1,True
PRJ-SYNTH-02338,Urban Infrastructure,189,177,2,1,43,26,29,APPROVED,0.83,67,HIGH,215,1,True
PRJ-SYNTH-02339,Highway,200,123,4,0,40,30,26,IN_REVIEW,0.966,88,CRITICAL,315,1,True
PRJ-SYNTH-02340,Highway,202,101,5,1,81,65,48,IN_REVIEW,0.791,64,HIGH,223,1,True
PRJ-SYNTH-02341,Highway,138,61,2,3,84,70,52,APPROVED,0.642,55,MEDIUM,184,1,True
PRJ-SYNTH-02342,Railway,237,115,3,3,52,39,27,IN_REVIEW,0.968,89,CRITICAL,293,1,True
PRJ-SYNTH-02343,Energy & Power,237,66,2,3,31,19,19,APPROVED,0.96,86,CRITICAL,306,1,True
PRJ-SYNTH-02344,Urban Infrastructure,93,87,7,1,91,59,48,IN_REVIEW,0.881,72,HIGH,235,1,True
PRJ-SYNTH-02345,Urban Infrastructure,80,88,7,0,22,18,0,APPROVED,0.98,99,CRITICAL,354,1,True
PRJ-SYNTH-02346,Railway,224,123,1,1,80,67,69,APPROVED,0.397,43,MEDIUM,0,0,True
PRJ-SYNTH-02347,Highway,119,61,2,2,92,64,64,IN_REVIEW,0.479,47,MEDIUM,181,1,True
PRJ-SYNTH-02348,Railway,183,86,3,5,60,45,41,APPROVED,0.93,79,HIGH,276,1,True
PRJ-SYNTH-02349,Industrial Corridor,1106,256,1,4,48,32,35,IN_REVIEW,0.96,86,CRITICAL,310,1,True
PRJ-SYNTH-02350,Highway,280,139,5,3,17,10,2,APPROVED,0.98,99,CRITICAL,336,1,True
PRJ-SYNTH-02351,Energy & Power,280,71,3,3,62,44,32,IN_REVIEW,0.949,83,CRITICAL,270,1,True
PRJ-SYNTH-02352,Railway,431,200,3,0,23,14,10,PENDING,0.975,92,CRITICAL,323,1,True
PRJ-SYNTH-02353,Railway,268,130,2,0,69,42,46,APPROVED,0.583,52,MEDIUM,172,1,True
PRJ-SYNTH-02354,Urban Infrastructure,107,119,15,4,0,0,0,APPROVED,0.98,99,CRITICAL,325,1,True
PRJ-SYNTH-02355,Railway,352,188,3,3,18,12,5,APPROVED,0.98,96,CRITICAL,310,1,True
PRJ-SYNTH-02356,Energy & Power,336,86,2,3,65,56,45,IN_REVIEW,0.918,77,HIGH,265,1,True
PRJ-SYNTH-02357,Industrial Corridor,509,167,1,1,84,69,71,PENDING,0.397,43,MEDIUM,0,0,True
PRJ-SYNTH-02358,Railway,77,39,1,1,56,40,43,APPROVED,0.562,51,MEDIUM,176,1,True
PRJ-SYNTH-02359,Highway,210,95,1,3,89,70,72,IN_REVIEW,0.458,46,MEDIUM,157,1,True
PRJ-SYNTH-02360,Railway,243,100,1,1,49,38,41,APPROVED,0.679,57,MEDIUM,198,1,True
PRJ-SYNTH-02361,Industrial Corridor,301,97,1,1,100,95,73,APPROVED,0.17,29,LOW,0,0,True
PRJ-SYNTH-02362,Highway,317,169,2,0,28,26,18,APPROVED,0.912,76,HIGH,259,1,True
PRJ-SYNTH-02363,Urban Infrastructure,113,130,4,4,41,36,24,APPROVED,0.966,88,CRITICAL,326,1,True
PRJ-SYNTH-02364,Urban Infrastructure,82,78,7,1,88,71,57,APPROVED,0.872,71,HIGH,271,1,True
PRJ-SYNTH-02365,Urban Infrastructure,37,55,7,1,48,46,30,APPROVED,0.963,87,CRITICAL,320,1,True
PRJ-SYNTH-02366,Highway,71,44,4,3,82,54,49,PENDING,0.924,78,HIGH,284,1,True
PRJ-SYNTH-02367,Urban Infrastructure,10,26,17,2,6,5,0,APPROVED,0.98,99,CRITICAL,369,1,True
PRJ-SYNTH-02368,Industrial Corridor,623,160,5,0,33,24,15,APPROVED,0.968,89,CRITICAL,295,1,True
PRJ-SYNTH-02369,Highway,253,117,1,0,78,50,57,REJECTED,0.777,63,HIGH,261,1,True
PRJ-SYNTH-02370,Highway,158,99,3,4,24,14,8,APPROVED,0.98,99,CRITICAL,315,1,True
PRJ-SYNTH-02371,Industrial Corridor,913,248,1,1,33,23,25,APPROVED,0.897,74,HIGH,254,1,True
PRJ-SYNTH-02372,Highway,238,112,4,1,56,37,25,IN_REVIEW,0.953,84,CRITICAL,241,1,True
PRJ-SYNTH-02373,Energy & Power,307,95,2,0,94,64,51,APPROVED,0.358,41,MEDIUM,0,0,True
PRJ-SYNTH-02374,Railway,109,59,4,4,68,48,38,PENDING,0.966,88,CRITICAL,290,1,True
PRJ-SYNTH-02375,Highway,128,92,3,5,55,47,40,APPROVED,0.968,89,CRITICAL,295,1,True
PRJ-SYNTH-02376,Energy & Power,279,95,3,4,64,41,46,REJECTED,0.98,95,CRITICAL,353,1,True
PRJ-SYNTH-02377,Railway,501,260,7,0,11,7,0,APPROVED,0.98,99,CRITICAL,342,1,True
PRJ-SYNTH-02378,Railway,443,220,3,2,46,39,32,APPROVED,0.889,73,HIGH,265,1,True
PRJ-SYNTH-02379,Railway,320,167,5,1,68,55,41,IN_REVIEW,0.862,70,HIGH,238,1,True
PRJ-SYNTH-02380,Railway,462,213,5,0,63,41,35,APPROVED,0.872,71,HIGH,234,1,True
PRJ-SYNTH-02381,Highway,212,138,2,3,77,46,56,APPROVED,0.714,59,MEDIUM,219,1,True
PRJ-SYNTH-02382,Railway,135,82,4,6,76,57,43,PENDING,0.971,90,CRITICAL,317,1,True
PRJ-SYNTH-02383,Industrial Corridor,964,229,2,1,67,60,49,APPROVED,0.731,60,HIGH,213,1,True
PRJ-SYNTH-02384,Highway,309,165,8,4,0,0,0,APPROVED,0.98,99,CRITICAL,337,1,True
PRJ-SYNTH-02385,Urban Infrastructure,174,187,6,1,64,55,29,IN_REVIEW,0.924,78,HIGH,270,1,True
PRJ-SYNTH-02386,Highway,140,68,0,0,52,40,37,APPROVED,0.542,50,MEDIUM,166,1,True
PRJ-SYNTH-02387,Urban Infrastructure,29,29,9,1,41,39,16,APPROVED,0.971,90,CRITICAL,326,1,True
PRJ-SYNTH-02388,Highway,270,127,3,2,51,36,36,APPROVED,0.881,72,HIGH,252,1,True
PRJ-SYNTH-02389,Industrial Corridor,888,216,3,1,67,56,55,APPROVED,0.622,54,MEDIUM,198,1,True
PRJ-SYNTH-02390,Railway,323,153,4,3,22,18,9,APPROVED,0.98,99,CRITICAL,341,1,True
PRJ-SYNTH-02391,Highway,321,188,5,4,14,7,0,REJECTED,0.98,99,CRITICAL,373,1,True
PRJ-SYNTH-02392,Highway,269,126,4,3,28,17,8,IN_REVIEW,0.98,98,CRITICAL,342,1,True
PRJ-SYNTH-02393,Highway,234,132,1,0,86,53,61,REJECTED,0.661,56,MEDIUM,201,1,True
PRJ-SYNTH-02394,Railway,231,126,3,6,49,41,30,IN_REVIEW,0.98,99,CRITICAL,355,1,True
PRJ-SYNTH-02395,Highway,259,156,6,3,68,54,44,APPROVED,0.918,77,HIGH,256,1,True
PRJ-SYNTH-02396,Energy & Power,109,18,0,1,76,48,59,APPROVED,0.5,48,MEDIUM,162,1,True
PRJ-SYNTH-02397,Railway,318,174,2,2,71,49,38,APPROVED,0.714,59,MEDIUM,215,1,True
PRJ-SYNTH-02398,Highway,183,100,4,4,72,46,49,IN_REVIEW,0.94,81,CRITICAL,260,1,True
PRJ-SYNTH-02399,Urban Infrastructure,20,21,9,6,38,23,3,APPROVED,0.98,99,CRITICAL,352,1,True
PRJ-SYNTH-02400,Urban Infrastructure,85,83,15,6,59,41,16,APPROVED,0.98,99,CRITICAL,325,1,True
PRJ-SYNTH-02401,Highway,141,82,3,3,70,43,34,REJECTED,0.953,84,CRITICAL,271,1,True
PRJ-SYNTH-02402,Highway,222,125,7,3,14,8,0,IN_REVIEW,0.98,99,CRITICAL,329,1,True
PRJ-SYNTH-02403,Highway,115,69,6,0,57,46,27,IN_REVIEW,0.96,86,CRITICAL,308,1,True
PRJ-SYNTH-02404,Urban Infrastructure,108,105,6,4,52,41,26,APPROVED,0.98,99,CRITICAL,386,1,True
PRJ-SYNTH-02405,Urban Infrastructure,161,164,12,3,58,37,22,APPROVED,0.98,99,CRITICAL,327,1,True
PRJ-SYNTH-02406,Railway,163,107,6,4,56,36,31,IN_REVIEW,0.98,99,CRITICAL,347,1,True
PRJ-SYNTH-02407,Energy & Power,127,43,1,5,57,53,49,APPROVED,0.841,68,HIGH,252,1,True
PRJ-SYNTH-02408,Energy & Power,98,22,1,2,100,66,75,IN_REVIEW,0.321,39,MEDIUM,0,0,True
PRJ-SYNTH-02409,Railway,258,137,3,1,75,45,46,PENDING,0.862,70,HIGH,234,1,True
PRJ-SYNTH-02410,Energy & Power,266,73,4,5,60,41,41,APPROVED,0.966,88,CRITICAL,318,1,True
PRJ-SYNTH-02411,Highway,252,146,3,1,32,25,21,APPROVED,0.979,94,CRITICAL,321,1,True
PRJ-SYNTH-02412,Highway,210,97,3,1,63,37,35,APPROVED,0.841,68,HIGH,235,1,True
PRJ-SYNTH-02413,Highway,249,117,2,5,40,38,31,APPROVED,0.963,87,CRITICAL,291,1,True
PRJ-SYNTH-02414,Highway,180,107,7,0,13,7,0,APPROVED,0.98,99,CRITICAL,362,1,True
PRJ-SYNTH-02415,Railway,218,132,10,2,39,25,10,PENDING,0.98,99,CRITICAL,350,1,True
PRJ-SYNTH-02416,Industrial Corridor,535,142,1,4,54,46,33,APPROVED,0.763,62,HIGH,212,1,True
PRJ-SYNTH-02417,Highway,171,111,3,0,86,59,60,APPROVED,0.417,44,MEDIUM,0,0,True
PRJ-SYNTH-02418,Highway,118,83,5,5,81,60,58,APPROVED,0.912,76,HIGH,267,1,True
PRJ-SYNTH-02419,Railway,326,154,7,1,71,56,36,APPROVED,0.918,77,HIGH,274,1,True
PRJ-SYNTH-02420,Industrial Corridor,543,132,5,2,55,32,33,REJECTED,0.98,99,CRITICAL,358,1,True
PRJ-SYNTH-02421,Highway,147,71,6,1,54,49,30,IN_REVIEW,0.912,76,HIGH,270,1,True
PRJ-SYNTH-02422,Railway,431,199,10,1,63,48,25,IN_REVIEW,0.98,99,CRITICAL,334,1,True
PRJ-SYNTH-02423,Highway,308,174,5,1,73,51,36,APPROVED,0.872,71,HIGH,222,1,True
PRJ-SYNTH-02424,Highway,304,159,7,1,63,46,25,APPROVED,0.949,83,CRITICAL,301,1,True
PRJ-SYNTH-02425,Industrial Corridor,752,206,1,1,76,45,50,APPROVED,0.679,57,MEDIUM,191,1,True
PRJ-SYNTH-02426,Industrial Corridor,624,152,2,0,60,51,44,APPROVED,0.731,60,HIGH,226,1,True
PRJ-SYNTH-02427,Highway,233,126,4,5,51,40,28,APPROVED,0.973,91,CRITICAL,296,1,True
PRJ-SYNTH-02428,Industrial Corridor,548,167,1,2,7,5,3,APPROVED,0.977,93,CRITICAL,311,1,True
PRJ-SYNTH-02429,Urban Infrastructure,101,113,12,2,38,28,3,APPROVED,0.98,99,CRITICAL,344,1,True
PRJ-SYNTH-02430,Energy & Power,154,41,3,1,42,38,32,APPROVED,0.912,76,HIGH,267,1,True
PRJ-SYNTH-02431,Railway,258,141,5,1,59,38,37,APPROVED,0.935,80,CRITICAL,294,1,True
PRJ-SYNTH-02432,Railway,384,182,5,1,40,23,17,PENDING,0.98,97,CRITICAL,355,1,True
PRJ-SYNTH-02433,Railway,117,55,3,0,63,61,53,APPROVED,0.458,46,MEDIUM,160,1,True
PRJ-SYNTH-02434,Urban Infrastructure,45,48,9,4,4,2,0,APPROVED,0.98,99,CRITICAL,357,1,True
PRJ-SYNTH-02435,Highway,220,94,4,3,34,30,21,IN_REVIEW,0.98,99,CRITICAL,318,1,True
PRJ-SYNTH-02436,Highway,241,134,1,4,45,30,26,IN_REVIEW,0.956,85,CRITICAL,292,1,True
PRJ-SYNTH-02437,Highway,224,130,1,1,37,23,20,APPROVED,0.912,76,HIGH,278,1,True
PRJ-SYNTH-02438,Urban Infrastructure,57,48,5,0,100,88,81,APPROVED,0.17,29,LOW,0,0,True
PRJ-SYNTH-02439,Highway,272,140,6,4,5,3,0,PENDING,0.98,99,CRITICAL,368,1,True
PRJ-SYNTH-02440,Urban Infrastructure,34,44,9,2,68,63,32,PENDING,0.98,99,CRITICAL,332,1,True
PRJ-SYNTH-02441,Industrial Corridor,520,149,0,1,89,82,64,IN_REVIEW,0.195,31,LOW,0,0,True
PRJ-SYNTH-02442,Highway,219,111,8,2,41,31,14,APPROVED,0.98,99,CRITICAL,339,1,True
PRJ-SYNTH-02443,Urban Infrastructure,31,46,7,2,62,46,34,APPROVED,0.966,88,CRITICAL,315,1,True
PRJ-SYNTH-02444,Railway,541,269,6,3,71,61,47,APPROVED,0.953,84,CRITICAL,280,1,True
PRJ-SYNTH-02445,Energy & Power,160,39,3,2,63,51,38,APPROVED,0.841,68,HIGH,240,1,True
PRJ-SYNTH-02446,Highway,270,133,5,0,13,11,0,APPROVED,0.971,90,CRITICAL,328,1,True
PRJ-SYNTH-02447,Urban Infrastructure,28,37,13,2,55,40,11,IN_REVIEW,0.98,99,CRITICAL,358,1,True
PRJ-SYNTH-02448,Energy & Power,432,116,2,7,86,51,54,PENDING,0.968,89,CRITICAL,313,1,True
PRJ-SYNTH-02449,Industrial Corridor,770,210,4,7,100,81,71,PENDING,0.93,79,HIGH,288,1,True
PRJ-SYNTH-02450,Urban Infrastructure,45,47,8,0,18,12,0,IN_REVIEW,0.98,99,CRITICAL,356,1,True
PRJ-SYNTH-02451,Railway,249,143,5,2,53,37,23,IN_REVIEW,0.98,95,CRITICAL,328,1,True
PRJ-SYNTH-02452,Urban Infrastructure,40,40,12,1,46,37,15,APPROVED,0.98,99,CRITICAL,349,1,True
PRJ-SYNTH-02453,Energy & Power,195,46,0,5,62,59,57,PENDING,0.912,76,HIGH,279,1,True
PRJ-SYNTH-02454,Railway,165,79,3,0,18,11,5,APPROVED,0.953,84,CRITICAL,321,1,True
PRJ-SYNTH-02455,Highway,141,81,2,6,89,66,63,APPROVED,0.777,63,HIGH,228,1,True
PRJ-SYNTH-02456,Industrial Corridor,1020,249,1,1,88,81,68,APPROVED,0.286,37,MEDIUM,0,0,True
PRJ-SYNTH-02457,Urban Infrastructure,75,79,8,4,62,58,28,APPROVED,0.968,89,CRITICAL,317,1,True
PRJ-SYNTH-02458,Urban Infrastructure,34,32,11,1,37,25,8,APPROVED,0.98,99,CRITICAL,374,1,True
PRJ-SYNTH-02459,Highway,170,87,6,1,50,43,20,APPROVED,0.956,85,CRITICAL,287,1,True
PRJ-SYNTH-02460,Urban Infrastructure,128,107,7,0,47,34,16,APPROVED,0.963,87,CRITICAL,284,1,True
PRJ-SYNTH-02461,Railway,232,116,5,3,22,20,6,APPROVED,0.98,99,CRITICAL,354,1,True
PRJ-SYNTH-02462,Urban Infrastructure,31,40,5,2,75,66,57,APPROVED,0.661,56,MEDIUM,196,1,True
PRJ-SYNTH-02463,Highway,237,121,4,1,59,45,40,APPROVED,0.889,73,HIGH,256,1,True
PRJ-SYNTH-02464,Urban Infrastructure,11,25,16,4,58,53,16,APPROVED,0.98,99,CRITICAL,343,1,True
PRJ-SYNTH-02465,Industrial Corridor,692,189,4,1,65,63,50,APPROVED,0.731,60,HIGH,201,1,True
PRJ-SYNTH-02466,Highway,321,152,5,1,32,23,12,PENDING,0.98,99,CRITICAL,335,1,True
PRJ-SYNTH-02467,Industrial Corridor,708,185,1,0,40,28,31,IN_REVIEW,0.841,68,HIGH,242,1,True
PRJ-SYNTH-02468,Railway,410,202,7,0,87,71,41,APPROVED,0.805,65,HIGH,238,1,True
PRJ-SYNTH-02469,Energy & Power,116,34,2,2,75,65,47,APPROVED,0.622,54,MEDIUM,183,1,True
PRJ-SYNTH-02470,Urban Infrastructure,56,81,14,1,34,29,2,IN_REVIEW,0.98,99,CRITICAL,366,1,True
PRJ-SYNTH-02471,Railway,244,123,2,4,76,58,61,REJECTED,0.953,84,CRITICAL,294,1,True
PRJ-SYNTH-02472,Urban Infrastructure,88,106,8,5,31,21,6,APPROVED,0.98,99,CRITICAL,358,1,True
PRJ-SYNTH-02473,Energy & Power,227,57,2,2,89,82,70,APPROVED,0.378,42,MEDIUM,0,0,True
PRJ-SYNTH-02474,Railway,104,57,5,2,23,22,11,APPROVED,0.98,99,CRITICAL,348,1,True
PRJ-SYNTH-02475,Highway,341,171,4,1,63,57,49,IN_REVIEW,0.852,69,HIGH,246,1,True
PRJ-SYNTH-02476,Urban Infrastructure,47,65,12,0,43,36,13,APPROVED,0.98,99,CRITICAL,344,1,True
PRJ-SYNTH-02477,Energy & Power,226,68,1,4,63,46,42,APPROVED,0.791,64,HIGH,206,1,True
PRJ-SYNTH-02478,Urban Infrastructure,54,39,6,4,72,60,50,APPROVED,0.935,80,CRITICAL,299,1,True
PRJ-SYNTH-02479,Urban Infrastructure,65,51,5,0,82,52,38,APPROVED,0.763,62,HIGH,214,1,True
PRJ-SYNTH-02480,Railway,270,149,2,8,51,40,34,PENDING,0.98,99,CRITICAL,316,1,True
PRJ-SYNTH-02481,Energy & Power,132,27,0,0,15,13,10,IN_REVIEW,0.852,69,HIGH,234,1,True
PRJ-SYNTH-02482,Highway,261,148,4,1,16,9,0,IN_REVIEW,0.98,99,CRITICAL,370,1,True
PRJ-SYNTH-02483,Railway,211,96,6,6,46,35,23,APPROVED,0.98,99,CRITICAL,364,1,True
PRJ-SYNTH-02484,Highway,130,67,5,3,58,35,23,APPROVED,0.935,80,CRITICAL,284,1,True
PRJ-SYNTH-02485,Highway,82,47,2,5,71,65,46,PENDING,0.897,74,HIGH,271,1,True
PRJ-SYNTH-02486,Railway,223,120,2,0,66,47,36,APPROVED,0.521,49,MEDIUM,192,1,True
PRJ-SYNTH-02487,Railway,209,132,3,3,82,66,67,APPROVED,0.747,61,HIGH,215,1,True
PRJ-SYNTH-02488,Urban Infrastructure,13,18,7,1,99,74,47,APPROVED,0.805,65,HIGH,243,1,True
PRJ-SYNTH-02489,Railway,257,146,9,8,53,43,19,PENDING,0.98,99,CRITICAL,334,1,True
PRJ-SYNTH-02490,Railway,482,266,1,2,72,61,57,APPROVED,0.562,51,MEDIUM,162,1,True
PRJ-SYNTH-02491,Highway,90,69,4,1,39,27,23,IN_REVIEW,0.975,92,CRITICAL,322,1,True
PRJ-SYNTH-02492,Railway,279,149,2,4,63,49,45,APPROVED,0.924,78,HIGH,284,1,True
PRJ-SYNTH-02493,Highway,165,84,3,2,65,58,55,APPROVED,0.731,60,HIGH,228,1,True
PRJ-SYNTH-02494,Highway,246,123,1,2,67,57,47,IN_REVIEW,0.714,59,MEDIUM,205,1,True
PRJ-SYNTH-02495,Urban Infrastructure,99,116,4,5,40,23,18,IN_REVIEW,0.98,99,CRITICAL,334,1,True
PRJ-SYNTH-02496,Urban Infrastructure,199,230,10,1,54,42,25,APPROVED,0.979,94,CRITICAL,361,1,True
PRJ-SYNTH-02497,Urban Infrastructure,77,65,6,3,58,42,33,IN_REVIEW,0.98,99,CRITICAL,343,1,True
PRJ-SYNTH-02498,Railway,198,80,1,5,71,61,48,APPROVED,0.714,59,MEDIUM,191,1,True
PRJ-SYNTH-02499,Railway,221,104,2,6,51,29,29,IN_REVIEW,0.98,98,CRITICAL,351,1,True
PRJ-SYNTH-02500,Energy & Power,170,53,3,3,60,43,45,IN_REVIEW,0.905,75,HIGH,313,1,True
PRJ-SYNTH-02501,Railway,213,115,0,2,100,62,77,IN_REVIEW,0.303,38,MEDIUM,0,0,True
PRJ-SYNTH-02502,Railway,531,244,5,6,58,53,32,APPROVED,0.968,89,CRITICAL,312,1,True
PRJ-SYNTH-02503,Highway,248,143,8,5,79,73,41,APPROVED,0.968,89,CRITICAL,322,1,True
PRJ-SYNTH-02504,Highway,78,50,7,4,90,88,70,APPROVED,0.881,72,HIGH,266,1,True
PRJ-SYNTH-02505,Railway,344,192,5,3,21,16,4,IN_REVIEW,0.98,99,CRITICAL,328,1,True
PRJ-SYNTH-02506,Railway,175,74,4,2,54,49,35,APPROVED,0.912,76,HIGH,288,1,True
PRJ-SYNTH-02507,Railway,374,221,1,0,59,47,37,IN_REVIEW,0.622,54,MEDIUM,187,1,True
PRJ-SYNTH-02508,Railway,436,195,1,0,100,77,60,PENDING,0.397,43,MEDIUM,0,0,True
PRJ-SYNTH-02509,Urban Infrastructure,57,51,6,4,100,92,80,APPROVED,0.622,54,MEDIUM,172,1,True
PRJ-SYNTH-02510,Urban Infrastructure,45,38,7,3,18,16,1,IN_REVIEW,0.98,99,CRITICAL,341,1,True
PRJ-SYNTH-02511,Energy & Power,435,100,4,2,33,28,17,APPROVED,0.973,91,CRITICAL,339,1,True
PRJ-SYNTH-02512,Urban Infrastructure,41,68,12,0,77,73,32,IN_REVIEW,0.975,92,CRITICAL,339,1,True
PRJ-SYNTH-02513,Industrial Corridor,566,172,3,2,47,43,36,IN_REVIEW,0.912,76,HIGH,272,1,True
PRJ-SYNTH-02514,Highway,116,58,4,4,75,57,45,APPROVED,0.841,68,HIGH,200,1,True
PRJ-SYNTH-02515,Highway,179,78,2,4,56,39,38,APPROVED,0.905,75,HIGH,251,1,True
PRJ-SYNTH-02516,Highway,208,102,4,2,32,24,14,PENDING,0.98,99,CRITICAL,353,1,True
PRJ-SYNTH-02517,Urban Infrastructure,113,136,7,2,87,54,44,IN_REVIEW,0.918,77,HIGH,263,1,True
PRJ-SYNTH-02518,Energy & Power,286,80,1,1,45,43,35,IN_REVIEW,0.818,66,HIGH,240,1,True
PRJ-SYNTH-02519,Highway,234,138,5,1,54,52,39,APPROVED,0.872,71,HIGH,260,1,True
PRJ-SYNTH-02520,Industrial Corridor,1175,267,2,1,33,25,23,APPROVED,0.935,80,CRITICAL,301,1,True
PRJ-SYNTH-02521,Highway,113,68,8,1,25,21,3,APPROVED,0.98,99,CRITICAL,319,1,True
PRJ-SYNTH-02522,Industrial Corridor,432,123,1,2,64,45,39,APPROVED,0.763,62,HIGH,211,1,True
PRJ-SYNTH-02523,Railway,357,166,4,1,35,31,16,REJECTED,0.98,99,CRITICAL,334,1,True
PRJ-SYNTH-02524,Highway,175,96,6,2,93,88,60,APPROVED,0.714,59,MEDIUM,198,1,True
PRJ-SYNTH-02525,Railway,412,210,0,1,82,49,61,IN_REVIEW,0.642,55,MEDIUM,191,1,True
PRJ-SYNTH-02526,Highway,183,79,2,5,81,52,48,APPROVED,0.841,68,HIGH,241,1,True
PRJ-SYNTH-02527,Highway,138,76,4,2,51,35,22,IN_REVIEW,0.96,86,CRITICAL,310,1,True
PRJ-SYNTH-02528,Highway,242,116,2,2,55,47,40,APPROVED,0.897,74,HIGH,247,1,True
PRJ-SYNTH-02529,Energy & Power,229,78,5,2,68,45,30,APPROVED,0.862,70,HIGH,240,1,True
PRJ-SYNTH-02530,Railway,278,144,3,1,0,0,0,APPROVED,0.98,99,CRITICAL,348,1,True
PRJ-SYNTH-02531,Highway,478,233,4,1,47,33,28,APPROVED,0.94,81,CRITICAL,284,1,True
PRJ-SYNTH-02532,Urban Infrastructure,127,120,11,0,2,0,0,PENDING,0.98,99,CRITICAL,337,1,True
PRJ-SYNTH-02533,Urban Infrastructure,100,120,8,2,58,56,31,REJECTED,0.98,99,CRITICAL,337,1,True
PRJ-SYNTH-02534,Highway,196,107,4,1,30,26,17,APPROVED,0.94,81,CRITICAL,280,1,True
PRJ-SYNTH-02535,Railway,286,147,4,4,55,43,39,APPROVED,0.944,82,CRITICAL,264,1,True
PRJ-SYNTH-02536,Highway,161,91,4,4,36,21,19,APPROVED,0.98,96,CRITICAL,316,1,True
PRJ-SYNTH-02537,Highway,205,108,2,0,97,77,58,IN_REVIEW,0.269,36,MEDIUM,0,0,True
PRJ-SYNTH-02538,Urban Infrastructure,48,44,5,5,100,67,50,PENDING,0.905,75,HIGH,263,1,True
PRJ-SYNTH-02539,Highway,101,68,3,1,83,59,56,APPROVED,0.661,56,MEDIUM,213,1,True
PRJ-SYNTH-02540,Railway,277,124,5,0,81,55,47,IN_REVIEW,0.805,65,HIGH,203,1,True
PRJ-SYNTH-02541,Urban Infrastructure,79,80,8,2,51,36,18,APPROVED,0.977,93,CRITICAL,332,1,True
PRJ-SYNTH-02542,Highway,282,178,5,7,41,23,21,IN_REVIEW,0.98,99,CRITICAL,367,1,True
PRJ-SYNTH-02543,Railway,199,120,1,1,15,11,10,APPROVED,0.953,84,CRITICAL,298,1,True
PRJ-SYNTH-02544,Highway,189,84,5,1,62,37,34,IN_REVIEW,0.953,84,CRITICAL,283,1,True
PRJ-SYNTH-02545,Industrial Corridor,919,203,2,1,54,44,32,APPROVED,0.763,62,HIGH,211,1,True
PRJ-SYNTH-02546,Railway,346,175,1,3,69,59,48,APPROVED,0.747,61,HIGH,240,1,True
PRJ-SYNTH-02547,Energy & Power,460,122,3,2,42,32,26,APPROVED,0.963,87,CRITICAL,321,1,True
PRJ-SYNTH-02548,Railway,250,110,2,2,24,20,16,PENDING,0.98,99,CRITICAL,336,1,True
PRJ-SYNTH-02549,Highway,121,74,5,2,28,26,16,IN_REVIEW,0.98,97,CRITICAL,328,1,True
PRJ-SYNTH-02550,Urban Infrastructure,70,71,8,1,91,66,55,IN_REVIEW,0.872,71,HIGH,254,1,True
PRJ-SYNTH-02551,Industrial Corridor,703,201,9,4,99,81,56,IN_REVIEW,0.953,84,CRITICAL,300,1,True
PRJ-SYNTH-02552,Urban Infrastructure,51,73,12,0,7,4,0,IN_REVIEW,0.98,99,CRITICAL,367,1,True
PRJ-SYNTH-02553,Energy & Power,164,38,1,4,46,35,27,APPROVED,0.912,76,HIGH,262,1,True
PRJ-SYNTH-02554,Energy & Power,255,72,1,1,19,10,10,APPROVED,0.935,80,CRITICAL,257,1,True
PRJ-SYNTH-02555,Highway,134,75,4,0,60,37,38,APPROVED,0.747,61,HIGH,209,1,True
PRJ-SYNTH-02556,Highway,256,157,7,6,56,49,32,APPROVED,0.98,99,CRITICAL,339,1,True
PRJ-SYNTH-02557,Urban Infrastructure,98,82,3,1,57,36,26,APPROVED,0.905,75,HIGH,221,1,True
PRJ-SYNTH-02558,Railway,331,178,5,1,44,36,26,IN_REVIEW,0.979,94,CRITICAL,324,1,True
PRJ-SYNTH-02559,Energy & Power,124,35,3,3,66,57,50,APPROVED,0.714,59,MEDIUM,220,1,True
PRJ-SYNTH-02560,Industrial Corridor,837,194,2,5,78,75,61,APPROVED,0.818,66,HIGH,242,1,True
PRJ-SYNTH-02561,Railway,424,208,2,0,79,67,64,PENDING,0.747,61,HIGH,208,1,True
PRJ-SYNTH-02562,Highway,264,133,4,1,89,56,47,PENDING,0.791,64,HIGH,217,1,True
PRJ-SYNTH-02563,Urban Infrastructure,96,112,10,1,41,33,10,APPROVED,0.98,99,CRITICAL,338,1,True
PRJ-SYNTH-02564,Highway,188,101,6,2,41,32,22,APPROVED,0.963,87,CRITICAL,296,1,True
PRJ-SYNTH-02565,Energy & Power,217,53,0,0,88,84,75,APPROVED,0.07,17,LOW,0,0,True
PRJ-SYNTH-02566,Railway,451,214,6,0,41,33,24,APPROVED,0.973,91,CRITICAL,338,1,True
PRJ-SYNTH-02567,Urban Infrastructure,78,93,4,1,53,41,25,IN_REVIEW,0.918,77,HIGH,280,1,True
PRJ-SYNTH-02568,Highway,213,97,1,1,49,40,32,PENDING,0.924,78,HIGH,262,1,True
PRJ-SYNTH-02569,Urban Infrastructure,254,268,9,0,93,69,43,APPROVED,0.791,64,HIGH,211,1,True
PRJ-SYNTH-02570,Railway,248,121,3,3,75,59,60,APPROVED,0.622,54,MEDIUM,210,1,True
PRJ-SYNTH-02571,Railway,100,59,2,0,33,28,25,IN_REVIEW,0.881,72,HIGH,253,1,True
PRJ-SYNTH-02572,Highway,172,97,5,2,57,35,24,IN_REVIEW,0.975,92,CRITICAL,310,1,True
PRJ-SYNTH-02573,Urban Infrastructure,62,69,14,2,54,45,11,REJECTED,0.98,99,CRITICAL,347,1,True
PRJ-SYNTH-02574,Energy & Power,251,68,0,0,36,22,20,IN_REVIEW,0.862,70,HIGH,224,1,True
PRJ-SYNTH-02575,Highway,231,100,2,0,70,64,55,APPROVED,0.378,42,MEDIUM,0,0,True
PRJ-SYNTH-02576,Highway,63,39,6,2,52,50,28,APPROVED,0.935,80,CRITICAL,270,1,True
PRJ-SYNTH-02577,Highway,233,122,3,0,29,25,14,APPROVED,0.905,75,HIGH,275,1,True
PRJ-SYNTH-02578,Urban Infrastructure,64,87,16,1,7,5,0,APPROVED,0.98,99,CRITICAL,342,1,True
PRJ-SYNTH-02579,Urban Infrastructure,56,72,10,6,84,81,57,APPROVED,0.979,94,CRITICAL,339,1,True
PRJ-SYNTH-02580,Railway,132,76,6,0,35,23,11,APPROVED,0.968,89,CRITICAL,314,1,True
PRJ-SYNTH-02581,Highway,339,149,4,3,84,56,56,APPROVED,0.777,63,HIGH,199,1,True
PRJ-SYNTH-02582,Railway,236,132,4,1,75,58,47,PENDING,0.889,73,HIGH,279,1,True
PRJ-SYNTH-02583,Railway,369,178,8,1,37,20,5,APPROVED,0.98,99,CRITICAL,328,1,True
PRJ-SYNTH-02584,Railway,198,115,4,3,71,68,49,PENDING,0.905,75,HIGH,253,1,True
PRJ-SYNTH-02585,Industrial Corridor,854,196,0,2,73,42,49,APPROVED,0.661,56,MEDIUM,188,1,True
PRJ-SYNTH-02586,Highway,166,87,3,2,83,68,57,IN_REVIEW,0.661,56,MEDIUM,207,1,True
PRJ-SYNTH-02587,Urban Infrastructure,95,116,5,0,61,44,31,APPROVED,0.852,69,HIGH,232,1,True
PRJ-SYNTH-02588,Railway,251,136,5,1,49,30,19,APPROVED,0.949,83,CRITICAL,277,1,True
PRJ-SYNTH-02589,Railway,194,94,2,0,95,56,70,APPROVED,0.358,41,MEDIUM,0,0,True
PRJ-SYNTH-02590,Urban Infrastructure,66,85,12,3,65,44,19,APPROVED,0.98,99,CRITICAL,342,1,True
PRJ-SYNTH-02591,Urban Infrastructure,64,59,2,2,45,28,29,APPROVED,0.805,65,HIGH,237,1,True
PRJ-SYNTH-02592,Industrial Corridor,835,192,2,5,57,53,40,IN_REVIEW,0.93,79,HIGH,312,1,True
PRJ-SYNTH-02593,Highway,278,147,3,1,92,62,70,APPROVED,0.622,54,MEDIUM,182,1,True
PRJ-SYNTH-02594,Highway,109,89,3,2,97,60,72,PENDING,0.562,51,MEDIUM,185,1,True
PRJ-SYNTH-02595,Urban Infrastructure,108,111,13,1,41,36,10,PENDING,0.98,99,CRITICAL,328,1,True
PRJ-SYNTH-02596,Railway,164,90,3,3,72,54,49,IN_REVIEW,0.897,74,HIGH,250,1,True
PRJ-SYNTH-02597,Highway,242,116,7,0,63,57,37,PENDING,0.966,88,CRITICAL,312,1,True
PRJ-SYNTH-02598,Highway,245,130,2,2,34,30,21,APPROVED,0.93,79,HIGH,298,1,True
PRJ-SYNTH-02599,Highway,149,98,8,2,65,63,31,APPROVED,0.963,87,CRITICAL,281,1,True
PRJ-SYNTH-02600,Energy & Power,143,26,1,0,9,8,4,APPROVED,0.924,78,HIGH,278,1,True
PRJ-SYNTH-02601,Highway,125,59,4,0,81,54,48,APPROVED,0.521,49,MEDIUM,154,1,True
PRJ-SYNTH-02602,Highway,193,101,0,6,78,64,70,IN_REVIEW,0.862,70,HIGH,240,1,True
PRJ-SYNTH-02603,Highway,252,136,7,5,0,0,0,IN_REVIEW,0.98,99,CRITICAL,337,1,True
PRJ-SYNTH-02604,Railway,266,123,7,0,30,22,7,APPROVED,0.973,91,CRITICAL,307,1,True
PRJ-SYNTH-02605,Highway,54,21,1,2,19,13,12,APPROVED,0.905,75,HIGH,265,1,True
PRJ-SYNTH-02606,Railway,224,105,3,1,34,22,16,APPROVED,0.966,88,CRITICAL,292,1,True
PRJ-SYNTH-02607,Highway,142,78,6,0,59,51,26,APPROVED,0.897,74,HIGH,210,1,True
PRJ-SYNTH-02608,Energy & Power,279,73,1,2,100,63,64,APPROVED,0.397,43,MEDIUM,0,0,True
PRJ-SYNTH-02609,Highway,236,134,10,1,62,37,26,APPROVED,0.98,99,CRITICAL,334,1,True
PRJ-SYNTH-02610,Railway,301,154,1,4,54,39,43,APPROVED,0.862,70,HIGH,238,1,True
PRJ-SYNTH-02611,Energy & Power,335,112,4,1,76,67,47,IN_REVIEW,0.889,73,HIGH,243,1,True
PRJ-SYNTH-02612,Urban Infrastructure,113,123,12,4,62,57,34,APPROVED,0.98,99,CRITICAL,353,1,True
PRJ-SYNTH-02613,Railway,230,116,9,0,87,69,56,APPROVED,0.83,67,HIGH,243,1,True
PRJ-SYNTH-02614,Highway,123,52,2,1,82,76,60,PENDING,0.714,59,MEDIUM,186,1,True
PRJ-SYNTH-02615,Highway,180,101,7,1,54,31,15,IN_REVIEW,0.98,97,CRITICAL,357,1,True
PRJ-SYNTH-02616,Urban Infrastructure,72,67,5,0,19,14,5,IN_REVIEW,0.98,99,CRITICAL,356,1,True
PRJ-SYNTH-02617,Industrial Corridor,630,165,3,3,94,59,54,PENDING,0.841,68,HIGH,230,1,True
PRJ-SYNTH-02618,Urban Infrastructure,287,281,10,1,46,35,17,APPROVED,0.98,99,CRITICAL,344,1,True
PRJ-SYNTH-02619,Railway,478,227,1,2,41,37,31,APPROVED,0.924,78,HIGH,287,1,True
PRJ-SYNTH-02620,Urban Infrastructure,44,58,14,4,0,0,0,APPROVED,0.98,99,CRITICAL,339,1,True
PRJ-SYNTH-02621,Railway,178,84,2,2,33,27,22,IN_REVIEW,0.953,84,CRITICAL,304,1,True
PRJ-SYNTH-02622,Highway,133,68,3,2,70,63,55,APPROVED,0.679,57,MEDIUM,203,1,True
PRJ-SYNTH-02623,Railway,414,212,1,3,53,45,39,APPROVED,0.83,67,HIGH,246,1,True
PRJ-SYNTH-02624,Industrial Corridor,1076,249,0,4,89,51,64,IN_REVIEW,0.697,58,MEDIUM,211,1,True
PRJ-SYNTH-02625,Highway,332,138,2,6,100,65,63,APPROVED,0.841,68,HIGH,228,1,True
PRJ-SYNTH-02626,Urban Infrastructure,37,53,10,0,0,0,0,APPROVED,0.98,99,CRITICAL,348,1,True
PRJ-SYNTH-02627,Highway,230,112,6,2,30,17,6,APPROVED,0.98,99,CRITICAL,358,1,True
PRJ-SYNTH-02628,Railway,201,80,6,1,59,51,39,APPROVED,0.918,77,HIGH,280,1,True
PRJ-SYNTH-02629,Highway,363,192,5,0,94,70,65,APPROVED,0.622,54,MEDIUM,198,1,True
PRJ-SYNTH-02630,Railway,196,93,1,2,42,36,31,APPROVED,0.805,65,HIGH,224,1,True
PRJ-SYNTH-02631,Urban Infrastructure,28,43,12,2,52,38,12,PENDING,0.98,99,CRITICAL,368,1,True
PRJ-SYNTH-02632,Highway,108,60,2,1,34,21,18,APPROVED,0.96,86,CRITICAL,306,1,True
PRJ-SYNTH-02633,Urban Infrastructure,66,69,10,1,47,41,19,APPROVED,0.98,97,CRITICAL,364,1,True
PRJ-SYNTH-02634,Urban Infrastructure,97,95,11,3,51,42,17,APPROVED,0.98,99,CRITICAL,328,1,True
PRJ-SYNTH-02635,Industrial Corridor,946,242,1,3,55,33,38,APPROVED,0.841,68,HIGH,233,1,True
PRJ-SYNTH-02636,Highway,111,64,6,2,96,92,63,APPROVED,0.583,52,MEDIUM,179,1,True
PRJ-SYNTH-02637,Railway,241,140,8,3,82,57,34,APPROVED,0.968,89,CRITICAL,323,1,True
PRJ-SYNTH-02638,Highway,146,73,7,3,46,38,21,IN_REVIEW,0.98,99,CRITICAL,334,1,True
PRJ-SYNTH-02639,Industrial Corridor,489,132,1,2,56,32,32,APPROVED,0.697,58,MEDIUM,191,1,True
PRJ-SYNTH-02640,Industrial Corridor,631,142,4,2,78,59,52,PENDING,0.912,76,HIGH,280,1,True
PRJ-SYNTH-02641,Railway,472,228,8,4,54,50,28,PENDING,0.98,99,CRITICAL,344,1,True
PRJ-SYNTH-02642,Energy & Power,103,32,5,0,57,54,41,IN_REVIEW,0.83,67,HIGH,242,1,True
PRJ-SYNTH-02643,Railway,309,156,4,3,41,26,21,PENDING,0.98,99,CRITICAL,334,1,True
PRJ-SYNTH-02644,Urban Infrastructure,138,146,2,2,76,70,56,PENDING,0.622,54,MEDIUM,199,1,True
PRJ-SYNTH-02645,Highway,322,135,1,6,47,32,27,IN_REVIEW,0.973,91,CRITICAL,331,1,True
PRJ-SYNTH-02646,Urban Infrastructure,160,173,10,2,33,29,2,APPROVED,0.98,99,CRITICAL,365,1,True
PRJ-SYNTH-02647,Highway,214,109,3,2,67,58,49,PENDING,0.897,74,HIGH,243,1,True
PRJ-SYNTH-02648,Energy & Power,275,74,2,0,65,47,49,IN_REVIEW,0.763,62,HIGH,199,1,True
PRJ-SYNTH-02649,Urban Infrastructure,48,56,9,5,52,49,23,APPROVED,0.98,99,CRITICAL,345,1,True
PRJ-SYNTH-02650,Urban Infrastructure,26,30,9,0,6,4,0,APPROVED,0.98,99,CRITICAL,364,1,True
PRJ-SYNTH-02651,Highway,174,110,7,1,60,42,30,APPROVED,0.93,79,HIGH,263,1,True
PRJ-SYNTH-02652,Highway,298,159,4,0,8,4,0,APPROVED,0.98,99,CRITICAL,330,1,True
PRJ-SYNTH-02653,Highway,54,21,6,1,81,78,45,APPROVED,0.697,58,MEDIUM,195,1,True
PRJ-SYNTH-02654,Railway,232,140,5,3,43,37,25,APPROVED,0.971,90,CRITICAL,317,1,True
PRJ-SYNTH-02655,Highway,237,110,3,1,64,46,34,APPROVED,0.918,77,HIGH,271,1,True
PRJ-SYNTH-02656,Industrial Corridor,767,202,3,3,45,29,26,IN_REVIEW,0.98,97,CRITICAL,326,1,True
PRJ-SYNTH-02657,Railway,456,226,3,4,68,44,46,APPROVED,0.912,76,HIGH,255,1,True
PRJ-SYNTH-02658,Highway,285,150,3,0,30,19,11,IN_REVIEW,0.971,90,CRITICAL,313,1,True
PRJ-SYNTH-02659,Railway,147,100,7,1,100,63,53,IN_REVIEW,0.852,69,HIGH,230,1,True
PRJ-SYNTH-02660,Railway,293,188,6,2,38,28,18,APPROVED,0.973,91,CRITICAL,302,1,True
PRJ-SYNTH-02661,Urban Infrastructure,41,49,9,4,73,44,32,APPROVED,0.98,99,CRITICAL,354,1,True
PRJ-SYNTH-02662,Railway,204,99,5,1,29,16,7,IN_REVIEW,0.98,99,CRITICAL,337,1,True
PRJ-SYNTH-02663,Industrial Corridor,453,127,1,5,53,43,41,APPROVED,0.889,73,HIGH,248,1,True
PRJ-SYNTH-02664,Railway,312,169,3,1,41,24,24,APPROVED,0.918,77,HIGH,264,1,True
PRJ-SYNTH-02665,Industrial Corridor,1168,297,1,1,48,42,34,PENDING,0.872,71,HIGH,252,1,True
PRJ-SYNTH-02666,Energy & Power,259,70,1,3,74,46,45,APPROVED,0.583,52,MEDIUM,182,1,True
PRJ-SYNTH-02667,Highway,90,49,4,3,70,56,46,APPROVED,0.805,65,HIGH,219,1,True
PRJ-SYNTH-02668,Industrial Corridor,752,190,3,3,70,59,46,APPROVED,0.777,63,HIGH,218,1,True
PRJ-SYNTH-02669,Highway,233,114,4,2,37,24,20,IN_REVIEW,0.98,99,CRITICAL,343,1,True
PRJ-SYNTH-02670,Energy & Power,206,60,0,4,68,64,61,APPROVED,0.714,59,MEDIUM,228,1,True
PRJ-SYNTH-02671,Railway,321,153,3,1,39,29,20,APPROVED,0.918,77,HIGH,269,1,True
PRJ-SYNTH-02672,Energy & Power,152,51,2,1,98,70,66,APPROVED,0.321,39,MEDIUM,0,0,True
PRJ-SYNTH-02673,Energy & Power,194,68,1,1,40,37,35,IN_REVIEW,0.862,70,HIGH,221,1,True
PRJ-SYNTH-02674,Energy & Power,187,53,1,1,51,47,34,IN_REVIEW,0.763,62,HIGH,231,1,True
PRJ-SYNTH-02675,Urban Infrastructure,145,169,6,1,57,48,36,REJECTED,0.979,94,CRITICAL,327,1,True
PRJ-SYNTH-02676,Highway,112,86,4,4,33,22,13,IN_REVIEW,0.98,99,CRITICAL,351,1,True
PRJ-SYNTH-02677,Highway,58,32,2,5,77,57,45,APPROVED,0.791,64,HIGH,235,1,True
PRJ-SYNTH-02678,Railway,481,258,2,2,89,75,56,APPROVED,0.5,48,MEDIUM,156,1,True
PRJ-SYNTH-02679,Highway,196,108,4,3,36,23,15,PENDING,0.98,99,CRITICAL,334,1,True
PRJ-SYNTH-02680,Urban Infrastructure,28,23,5,5,40,31,20,APPROVED,0.98,99,CRITICAL,347,1,True
PRJ-SYNTH-02681,Highway,274,139,3,4,90,79,76,IN_REVIEW,0.603,53,MEDIUM,220,1,True
PRJ-SYNTH-02682,Industrial Corridor,933,246,1,2,67,55,46,APPROVED,0.661,56,MEDIUM,185,1,True
PRJ-SYNTH-02683,Urban Infrastructure,158,147,9,2,45,38,13,APPROVED,0.98,99,CRITICAL,338,1,True
PRJ-SYNTH-02684,Energy & Power,242,99,3,3,41,38,27,APPROVED,0.975,92,CRITICAL,334,1,True
PRJ-SYNTH-02685,Highway,479,227,2,0,52,49,33,IN_REVIEW,0.747,61,HIGH,222,1,True
PRJ-SYNTH-02686,Energy & Power,207,71,2,1,58,44,35,APPROVED,0.763,62,HIGH,209,1,True
PRJ-SYNTH-02687,Industrial Corridor,934,258,2,2,77,45,56,IN_REVIEW,0.818,66,HIGH,207,1,True
PRJ-SYNTH-02688,Railway,376,161,2,0,61,55,46,APPROVED,0.697,58,MEDIUM,199,1,True
PRJ-SYNTH-02689,Urban Infrastructure,291,319,9,3,28,14,1,PENDING,0.98,99,CRITICAL,373,1,True
PRJ-SYNTH-02690,Urban Infrastructure,50,63,14,4,30,20,0,PENDING,0.98,99,CRITICAL,339,1,True
PRJ-SYNTH-02691,Highway,150,95,0,1,37,30,28,APPROVED,0.777,63,HIGH,232,1,True
PRJ-SYNTH-02692,Railway,379,203,10,3,46,39,16,APPROVED,0.98,99,CRITICAL,329,1,True
PRJ-SYNTH-02693,Railway,157,93,1,1,100,86,85,APPROVED,0.17,29,LOW,0,0,True
PRJ-SYNTH-02694,Highway,130,77,2,1,100,76,58,APPROVED,0.237,34,LOW,0,0,True
PRJ-SYNTH-02695,Railway,266,149,5,7,65,61,50,IN_REVIEW,0.968,89,CRITICAL,311,1,True
PRJ-SYNTH-02696,Highway,361,169,5,3,16,13,0,IN_REVIEW,0.98,99,CRITICAL,364,1,True
PRJ-SYNTH-02697,Highway,257,113,3,8,83,70,68,APPROVED,0.83,67,HIGH,232,1,True
PRJ-SYNTH-02698,Highway,193,107,6,4,72,54,34,APPROVED,0.949,83,CRITICAL,320,1,True
PRJ-SYNTH-02699,Industrial Corridor,633,146,1,3,100,77,74,APPROVED,0.286,37,MEDIUM,0,0,True
PRJ-SYNTH-02700,Railway,99,74,3,0,62,40,31,PENDING,0.897,74,HIGH,253,1,True
PRJ-SYNTH-02701,Industrial Corridor,1482,377,1,2,52,43,37,APPROVED,0.805,65,HIGH,232,1,True
PRJ-SYNTH-02702,Railway,276,141,7,1,29,26,7,APPROVED,0.98,99,CRITICAL,328,1,True
PRJ-SYNTH-02703,Highway,130,77,4,7,79,72,54,APPROVED,0.96,86,CRITICAL,304,1,True
PRJ-SYNTH-02704,Railway,649,332,5,0,52,39,29,APPROVED,0.805,65,HIGH,215,1,True
PRJ-SYNTH-02705,Railway,160,85,4,1,52,47,33,APPROVED,0.924,78,HIGH,287,1,True
PRJ-SYNTH-02706,Highway,321,157,1,0,50,44,31,APPROVED,0.583,52,MEDIUM,195,1,True
PRJ-SYNTH-02707,Urban Infrastructure,67,63,7,0,100,92,78,APPROVED,0.438,45,MEDIUM,0,0,True
PRJ-SYNTH-02708,Highway,257,114,3,6,50,48,29,APPROVED,0.98,96,CRITICAL,329,1,True
PRJ-SYNTH-02709,Urban Infrastructure,91,100,7,0,72,65,54,APPROVED,0.777,63,HIGH,235,1,True
PRJ-SYNTH-02710,Urban Infrastructure,100,112,3,1,72,49,51,APPROVED,0.697,58,MEDIUM,232,1,True
PRJ-SYNTH-02711,Highway,479,267,3,1,4,1,0,APPROVED,0.98,99,CRITICAL,346,1,True
PRJ-SYNTH-02712,Highway,446,211,5,0,100,72,56,APPROVED,0.603,53,MEDIUM,197,1,True
PRJ-SYNTH-02713,Urban Infrastructure,42,41,6,2,9,6,0,APPROVED,0.98,99,CRITICAL,357,1,True
PRJ-SYNTH-02714,Railway,346,171,4,3,36,31,22,IN_REVIEW,0.98,99,CRITICAL,357,1,True
PRJ-SYNTH-02715,Highway,75,40,3,3,47,33,24,IN_REVIEW,0.963,87,CRITICAL,270,1,True
PRJ-SYNTH-02716,Industrial Corridor,1019,247,2,2,43,23,26,APPROVED,0.944,82,CRITICAL,273,1,True
PRJ-SYNTH-02717,Highway,295,152,3,4,54,46,41,PENDING,0.977,93,CRITICAL,347,1,True
PRJ-SYNTH-02718,Urban Infrastructure,12,21,13,1,26,24,0,APPROVED,0.98,99,CRITICAL,334,1,True
PRJ-SYNTH-02719,Industrial Corridor,760,183,1,2,97,92,78,APPROVED,0.209,32,LOW,0,0,True
PRJ-SYNTH-02720,Highway,257,155,4,4,73,65,60,PENDING,0.949,83,CRITICAL,320,1,True
PRJ-SYNTH-02721,Highway,218,107,4,0,43,40,22,APPROVED,0.881,72,HIGH,244,1,True
PRJ-SYNTH-02722,Highway,100,57,2,1,41,37,33,APPROVED,0.872,71,HIGH,250,1,True
PRJ-SYNTH-02723,Highway,105,54,6,2,41,24,14,PENDING,0.98,99,CRITICAL,352,1,True
PRJ-SYNTH-02724,Highway,174,85,6,0,33,23,10,IN_REVIEW,0.98,99,CRITICAL,364,1,True
PRJ-SYNTH-02725,Urban Infrastructure,50,66,10,3,20,14,0,IN_REVIEW,0.98,99,CRITICAL,355,1,True
PRJ-SYNTH-02726,Highway,159,106,5,6,80,53,40,APPROVED,0.963,87,CRITICAL,296,1,True
PRJ-SYNTH-02727,Railway,151,84,4,0,49,44,30,PENDING,0.93,79,HIGH,276,1,True
PRJ-SYNTH-02728,Industrial Corridor,775,185,3,1,70,54,55,IN_REVIEW,0.763,62,HIGH,213,1,True
PRJ-SYNTH-02729,Energy & Power,461,115,1,1,65,59,47,IN_REVIEW,0.714,59,MEDIUM,220,1,True
PRJ-SYNTH-02730,Urban Infrastructure,29,35,8,2,89,74,52,APPROVED,0.897,74,HIGH,258,1,True
PRJ-SYNTH-02731,Highway,168,83,4,1,81,66,48,APPROVED,0.542,50,MEDIUM,178,1,True
PRJ-SYNTH-02732,Urban Infrastructure,94,112,9,3,60,44,23,APPROVED,0.98,95,CRITICAL,325,1,True
PRJ-SYNTH-02733,Railway,135,84,5,5,100,90,58,APPROVED,0.747,61,HIGH,243,1,True
PRJ-SYNTH-02734,Railway,288,139,1,2,45,37,38,IN_REVIEW,0.881,72,HIGH,239,1,True
PRJ-SYNTH-02735,Highway,291,157,2,6,57,40,37,APPROVED,0.949,83,CRITICAL,322,1,True
PRJ-SYNTH-02736,Energy & Power,124,41,3,2,76,75,63,IN_REVIEW,0.697,58,MEDIUM,200,1,True
PRJ-SYNTH-02737,Railway,299,136,4,1,80,61,52,IN_REVIEW,0.791,64,HIGH,237,1,True
PRJ-SYNTH-02738,Highway,282,127,2,1,40,27,27,IN_REVIEW,0.924,78,HIGH,274,1,True
PRJ-SYNTH-02739,Railway,659,338,5,4,56,45,33,APPROVED,0.98,96,CRITICAL,318,1,True
PRJ-SYNTH-02740,Railway,293,158,5,2,58,38,33,APPROVED,0.973,91,CRITICAL,311,1,True
PRJ-SYNTH-02741,Energy & Power,147,38,0,6,100,92,86,IN_REVIEW,0.479,47,MEDIUM,181,1,True
PRJ-SYNTH-02742,Urban Infrastructure,16,25,7,2,71,61,42,PENDING,0.966,88,CRITICAL,292,1,True
PRJ-SYNTH-02743,Urban Infrastructure,41,54,11,1,75,70,33,APPROVED,0.96,86,CRITICAL,262,1,True
PRJ-SYNTH-02744,Highway,90,61,6,1,46,33,18,REJECTED,0.98,99,CRITICAL,319,1,True
PRJ-SYNTH-02745,Railway,538,249,3,1,41,36,31,APPROVED,0.935,80,CRITICAL,280,1,True
PRJ-SYNTH-02746,Railway,402,230,6,1,45,33,16,APPROVED,0.968,89,CRITICAL,296,1,True
PRJ-SYNTH-02747,Highway,105,59,2,1,75,46,48,APPROVED,0.603,53,MEDIUM,186,1,True
PRJ-SYNTH-02748,Highway,127,66,7,1,91,61,50,APPROVED,0.805,65,HIGH,236,1,True
PRJ-SYNTH-02749,Urban Infrastructure,69,78,7,1,18,11,0,APPROVED,0.98,99,CRITICAL,355,1,True
PRJ-SYNTH-02750,Highway,290,125,4,0,100,89,61,APPROVED,0.438,45,MEDIUM,0,0,True
PRJ-SYNTH-02751,Railway,347,176,2,0,84,55,58,APPROVED,0.5,48,MEDIUM,198,1,True
PRJ-SYNTH-02752,Highway,223,122,2,2,87,70,65,APPROVED,0.378,42,MEDIUM,0,0,True
PRJ-SYNTH-02753,Highway,204,113,6,2,79,66,54,APPROVED,0.763,62,HIGH,202,1,True
PRJ-SYNTH-02754,Highway,108,57,6,2,45,40,25,PENDING,0.98,96,CRITICAL,345,1,True
PRJ-SYNTH-02755,Industrial Corridor,789,210,3,2,57,49,40,IN_REVIEW,0.881,72,HIGH,260,1,True
PRJ-SYNTH-02756,Energy & Power,215,53,1,4,80,70,71,IN_REVIEW,0.542,50,MEDIUM,158,1,True
PRJ-SYNTH-02757,Industrial Corridor,439,103,2,1,55,36,32,APPROVED,0.83,67,HIGH,226,1,True
PRJ-SYNTH-02758,Railway,532,274,1,1,69,53,44,APPROVED,0.642,55,MEDIUM,168,1,True
PRJ-SYNTH-02759,Highway,140,78,8,1,36,24,12,PENDING,0.98,99,CRITICAL,338,1,True
PRJ-SYNTH-02760,Railway,148,65,2,1,81,73,52,REJECTED,0.897,74,HIGH,268,1,True
PRJ-SYNTH-02761,Railway,234,128,2,2,58,50,44,PENDING,0.872,71,HIGH,264,1,True
PRJ-SYNTH-02762,Energy & Power,191,62,2,1,51,34,32,IN_REVIEW,0.777,63,HIGH,253,1,True
PRJ-SYNTH-02763,Highway,180,83,3,3,39,32,18,APPROVED,0.968,89,CRITICAL,323,1,True
PRJ-SYNTH-02764,Railway,251,113,5,0,40,23,14,IN_REVIEW,0.973,91,CRITICAL,324,1,True
PRJ-SYNTH-02765,Highway,185,99,2,1,28,24,18,APPROVED,0.918,77,HIGH,297,1,True
PRJ-SYNTH-02766,Highway,199,114,2,3,72,64,50,PENDING,0.881,72,HIGH,275,1,True
PRJ-SYNTH-02767,Urban Infrastructure,70,71,3,1,45,32,25,APPROVED,0.897,74,HIGH,250,1,True
PRJ-SYNTH-02768,Railway,332,181,6,1,54,48,32,APPROVED,0.949,83,CRITICAL,288,1,True
PRJ-SYNTH-02769,Railway,340,192,7,1,84,77,59,APPROVED,0.763,62,HIGH,227,1,True
PRJ-SYNTH-02770,Railway,344,182,3,1,57,36,28,APPROVED,0.852,69,HIGH,221,1,True
PRJ-SYNTH-02771,Railway,379,179,3,0,56,39,31,IN_REVIEW,0.889,73,HIGH,261,1,True
PRJ-SYNTH-02772,Urban Infrastructure,42,35,4,4,57,39,34,IN_REVIEW,0.975,92,CRITICAL,328,1,True
PRJ-SYNTH-02773,Energy & Power,152,44,3,2,67,49,44,APPROVED,0.763,62,HIGH,228,1,True
PRJ-SYNTH-02774,Industrial Corridor,1090,269,1,2,51,37,38,APPROVED,0.83,67,HIGH,247,1,True
PRJ-SYNTH-02775,Urban Infrastructure,51,65,15,3,63,50,20,APPROVED,0.98,99,CRITICAL,341,1,True
PRJ-SYNTH-02776,Highway,176,98,2,2,65,38,37,APPROVED,0.818,66,HIGH,237,1,True
PRJ-SYNTH-02777,Urban Infrastructure,58,73,11,0,34,20,0,IN_REVIEW,0.98,99,CRITICAL,340,1,True
PRJ-SYNTH-02778,Railway,649,297,8,0,44,34,21,APPROVED,0.977,93,CRITICAL,339,1,True
PRJ-SYNTH-02779,Highway,122,64,4,1,87,66,49,APPROVED,0.603,53,MEDIUM,188,1,True
PRJ-SYNTH-02780,Energy & Power,134,40,1,5,47,29,28,PENDING,0.98,95,CRITICAL,347,1,True
PRJ-SYNTH-02781,Highway,185,92,3,5,70,51,51,APPROVED,0.905,75,HIGH,235,1,True
PRJ-SYNTH-02782,Industrial Corridor,716,173,2,1,73,55,47,APPROVED,0.622,54,MEDIUM,169,1,True
PRJ-SYNTH-02783,Railway,168,84,7,5,27,22,6,PENDING,0.98,99,CRITICAL,351,1,True
PRJ-SYNTH-02784,Urban Infrastructure,62,69,12,1,10,5,0,PENDING,0.98,99,CRITICAL,327,1,True
PRJ-SYNTH-02785,Urban Infrastructure,67,83,3,2,52,51,43,IN_REVIEW,0.953,84,CRITICAL,309,1,True
PRJ-SYNTH-02786,Energy & Power,167,50,3,1,80,62,57,APPROVED,0.521,49,MEDIUM,186,1,True
PRJ-SYNTH-02787,Urban Infrastructure,60,78,9,3,14,11,0,IN_REVIEW,0.98,99,CRITICAL,353,1,True
PRJ-SYNTH-02788,Urban Infrastructure,40,45,13,1,23,21,0,APPROVED,0.98,99,CRITICAL,341,1,True
PRJ-SYNTH-02789,Highway,105,72,6,1,72,43,28,APPROVED,0.924,78,HIGH,267,1,True
PRJ-SYNTH-02790,Railway,236,124,5,3,30,23,11,REJECTED,0.98,99,CRITICAL,359,1,True
PRJ-SYNTH-02791,Highway,113,43,2,1,87,70,72,APPROVED,0.321,39,MEDIUM,0,0,True
PRJ-SYNTH-02792,Urban Infrastructure,26,28,8,2,100,62,57,PENDING,0.966,88,CRITICAL,295,1,True
PRJ-SYNTH-02793,Railway,115,75,3,1,40,34,28,APPROVED,0.897,74,HIGH,265,1,True
PRJ-SYNTH-02794,Urban Infrastructure,75,82,4,3,95,64,69,APPROVED,0.731,60,HIGH,232,1,True
PRJ-SYNTH-02795,Highway,150,102,5,3,65,56,46,APPROVED,0.862,70,HIGH,253,1,True
PRJ-SYNTH-02796,Highway,291,147,3,0,40,28,18,PENDING,0.968,89,CRITICAL,305,1,True
PRJ-SYNTH-02797,Urban Infrastructure,52,65,8,3,92,82,50,APPROVED,0.841,68,HIGH,234,1,True
PRJ-SYNTH-02798,Highway,205,106,2,2,72,69,55,IN_REVIEW,0.603,53,MEDIUM,179,1,True
PRJ-SYNTH-02799,Highway,136,79,7,3,84,78,43,IN_REVIEW,0.935,80,CRITICAL,273,1,True
PRJ-SYNTH-02800,Highway,183,107,3,4,100,78,72,IN_REVIEW,0.777,63,HIGH,202,1,True
PRJ-SYNTH-02801,Industrial Corridor,360,91,2,1,59,39,39,IN_REVIEW,0.881,72,HIGH,253,1,True
PRJ-SYNTH-02802,Urban Infrastructure,50,59,3,2,74,73,60,APPROVED,0.791,64,HIGH,200,1,True
PRJ-SYNTH-02803,Railway,194,112,4,3,31,25,16,APPROVED,0.98,95,CRITICAL,344,1,True
PRJ-SYNTH-02804,Highway,278,160,4,1,47,34,25,APPROVED,0.935,80,CRITICAL,275,1,True
PRJ-SYNTH-02805,Highway,199,100,5,3,55,42,36,REJECTED,0.98,99,CRITICAL,366,1,True
PRJ-SYNTH-02806,Urban Infrastructure,103,120,13,1,50,31,11,IN_REVIEW,0.98,99,CRITICAL,331,1,True
PRJ-SYNTH-02807,Urban Infrastructure,126,134,10,1,0,0,0,IN_REVIEW,0.98,99,CRITICAL,344,1,True
PRJ-SYNTH-02808,Highway,146,75,3,3,99,65,52,APPROVED,0.583,52,MEDIUM,183,1,True
PRJ-SYNTH-02809,Highway,196,96,2,5,77,56,56,PENDING,0.905,75,HIGH,245,1,True
PRJ-SYNTH-02810,Highway,108,53,2,1,74,58,53,APPROVED,0.479,47,MEDIUM,171,1,True
PRJ-SYNTH-02811,Urban Infrastructure,82,95,3,3,100,96,82,APPROVED,0.253,35,MEDIUM,0,0,True
PRJ-SYNTH-02812,Urban Infrastructure,89,109,7,4,95,79,55,IN_REVIEW,0.862,70,HIGH,251,1,True
PRJ-SYNTH-02813,Highway,212,112,3,1,56,40,38,APPROVED,0.818,66,HIGH,253,1,True
PRJ-SYNTH-02814,Highway,146,61,1,2,49,31,31,APPROVED,0.697,58,MEDIUM,211,1,True
PRJ-SYNTH-02815,Highway,387,202,4,1,74,64,58,APPROVED,0.642,55,MEDIUM,185,1,True
PRJ-SYNTH-02816,Industrial Corridor,770,198,2,0,100,76,60,APPROVED,0.138,26,LOW,0,0,True
PRJ-SYNTH-02817,Highway,572,294,3,5,56,32,31,APPROVED,0.98,97,CRITICAL,374,1,True
PRJ-SYNTH-02818,Urban Infrastructure,31,42,11,2,70,59,27,APPROVED,0.977,93,CRITICAL,329,1,True
PRJ-SYNTH-02819,Urban Infrastructure,94,108,7,3,97,70,55,APPROVED,0.661,56,MEDIUM,186,1,True
PRJ-SYNTH-02820,Railway,413,208,6,1,80,58,43,IN_REVIEW,0.905,75,HIGH,263,1,True
PRJ-SYNTH-02821,Highway,109,63,3,1,20,18,11,APPROVED,0.966,88,CRITICAL,289,1,True
PRJ-SYNTH-02822,Highway,165,88,4,3,29,18,9,PENDING,0.98,99,CRITICAL,363,1,True
PRJ-SYNTH-02823,Urban Infrastructure,24,28,12,2,96,70,49,APPROVED,0.971,90,CRITICAL,319,1,True
PRJ-SYNTH-02824,Urban Infrastructure,128,146,8,2,55,39,22,APPROVED,0.98,98,CRITICAL,335,1,True
PRJ-SYNTH-02825,Urban Infrastructure,62,74,5,2,65,38,34,APPROVED,0.912,76,HIGH,273,1,True
PRJ-SYNTH-02826,Railway,194,119,5,3,71,65,52,APPROVED,0.881,72,HIGH,244,1,True
PRJ-SYNTH-02827,Highway,283,150,3,2,96,88,68,APPROVED,0.542,50,MEDIUM,172,1,True
PRJ-SYNTH-02828,Industrial Corridor,762,197,4,2,39,31,20,IN_REVIEW,0.966,88,CRITICAL,308,1,True
PRJ-SYNTH-02829,Urban Infrastructure,106,111,9,2,41,38,10,APPROVED,0.98,99,CRITICAL,373,1,True
PRJ-SYNTH-02830,Highway,225,108,6,5,30,20,9,APPROVED,0.98,99,CRITICAL,329,1,True
PRJ-SYNTH-02831,Industrial Corridor,529,121,1,0,11,6,5,APPROVED,0.912,76,HIGH,277,1,True
PRJ-SYNTH-02832,Urban Infrastructure,47,54,4,6,69,42,44,APPROVED,0.96,86,CRITICAL,290,1,True
PRJ-SYNTH-02833,Railway,196,90,5,2,35,28,16,APPROVED,0.98,99,CRITICAL,372,1,True
PRJ-SYNTH-02834,Urban Infrastructure,30,32,6,1,80,63,58,APPROVED,0.714,59,MEDIUM,192,1,True
PRJ-SYNTH-02835,Energy & Power,81,39,3,6,45,41,26,APPROVED,0.956,85,CRITICAL,284,1,True
PRJ-SYNTH-02836,Urban Infrastructure,188,187,2,1,28,20,14,IN_REVIEW,0.975,92,CRITICAL,333,1,True
PRJ-SYNTH-02837,Highway,211,96,1,1,89,59,58,IN_REVIEW,0.622,54,MEDIUM,189,1,True
PRJ-SYNTH-02838,Highway,225,99,2,3,75,68,49,APPROVED,0.438,45,MEDIUM,0,0,True
PRJ-SYNTH-02839,Industrial Corridor,1110,254,2,3,57,42,45,APPROVED,0.889,73,HIGH,273,1,True
PRJ-SYNTH-02840,Highway,143,84,6,1,53,51,34,APPROVED,0.935,80,CRITICAL,282,1,True
PRJ-SYNTH-02841,Railway,152,78,5,2,72,57,35,PENDING,0.956,85,CRITICAL,312,1,True
PRJ-SYNTH-02842,Railway,378,216,5,3,100,62,60,IN_REVIEW,0.862,70,HIGH,215,1,True
PRJ-SYNTH-02843,Railway,163,80,6,0,66,61,47,IN_REVIEW,0.862,70,HIGH,250,1,True
PRJ-SYNTH-02844,Urban Infrastructure,99,100,6,4,67,62,34,APPROVED,0.949,83,CRITICAL,287,1,True
PRJ-SYNTH-02845,Industrial Corridor,427,109,5,3,46,34,24,PENDING,0.98,99,CRITICAL,369,1,True
PRJ-SYNTH-02846,Highway,97,52,4,2,53,31,26,APPROVED,0.935,80,CRITICAL,247,1,True
PRJ-SYNTH-02847,Highway,136,58,2,1,0,0,0,APPROVED,0.98,99,CRITICAL,335,1,True
PRJ-SYNTH-02848,Highway,249,116,5,4,33,23,11,IN_REVIEW,0.98,99,CRITICAL,326,1,True
PRJ-SYNTH-02849,Energy & Power,463,114,2,2,35,29,24,APPROVED,0.935,80,CRITICAL,283,1,True
PRJ-SYNTH-02850,Urban Infrastructure,85,101,7,3,27,18,6,PENDING,0.98,99,CRITICAL,350,1,True
PRJ-SYNTH-02851,Highway,139,74,1,2,53,31,34,IN_REVIEW,0.905,75,HIGH,263,1,True
PRJ-SYNTH-02852,Energy & Power,342,101,6,1,49,45,33,APPROVED,0.918,77,HIGH,281,1,True
PRJ-SYNTH-02853,Energy & Power,88,33,3,3,33,32,25,IN_REVIEW,0.963,87,CRITICAL,321,1,True
PRJ-SYNTH-02854,Energy & Power,130,37,3,0,91,66,50,APPROVED,0.358,41,MEDIUM,0,0,True
PRJ-SYNTH-02855,Industrial Corridor,788,224,3,4,75,44,40,IN_REVIEW,0.905,75,HIGH,242,1,True
PRJ-SYNTH-02856,Highway,260,144,9,3,56,38,20,IN_REVIEW,0.98,99,CRITICAL,338,1,True
PRJ-SYNTH-02857,Urban Infrastructure,58,66,10,1,66,60,25,APPROVED,0.953,84,CRITICAL,304,1,True
PRJ-SYNTH-02858,Railway,247,131,6,1,13,9,0,IN_REVIEW,0.98,99,CRITICAL,350,1,True
PRJ-SYNTH-02859,Energy & Power,191,52,1,1,19,13,9,IN_REVIEW,0.953,84,CRITICAL,284,1,True
PRJ-SYNTH-02860,Urban Infrastructure,121,114,5,4,87,62,57,APPROVED,0.777,63,HIGH,236,1,True
PRJ-SYNTH-02861,Urban Infrastructure,40,48,11,6,100,64,35,APPROVED,0.98,99,CRITICAL,355,1,True
PRJ-SYNTH-02862,Urban Infrastructure,34,48,14,8,45,32,0,APPROVED,0.98,99,CRITICAL,361,1,True
PRJ-SYNTH-02863,Highway,164,89,2,4,100,77,80,APPROVED,0.562,51,MEDIUM,184,1,True
PRJ-SYNTH-02864,Railway,457,245,3,1,60,49,36,APPROVED,0.841,68,HIGH,227,1,True
PRJ-SYNTH-02865,Industrial Corridor,598,142,3,1,42,28,19,IN_REVIEW,0.96,86,CRITICAL,322,1,True
PRJ-SYNTH-02866,Industrial Corridor,696,177,1,1,88,82,67,APPROVED,0.321,39,MEDIUM,0,0,True
PRJ-SYNTH-02867,Highway,84,34,4,0,5,3,0,APPROVED,0.979,94,CRITICAL,337,1,True
PRJ-SYNTH-02868,Highway,168,69,5,5,42,31,23,APPROVED,0.98,97,CRITICAL,353,1,True
PRJ-SYNTH-02869,Highway,206,109,0,3,44,35,33,APPROVED,0.83,67,HIGH,230,1,True
PRJ-SYNTH-02870,Urban Infrastructure,28,38,8,0,23,14,0,APPROVED,0.98,99,CRITICAL,355,1,True
PRJ-SYNTH-02871,Energy & Power,369,109,2,2,49,30,32,IN_REVIEW,0.935,80,CRITICAL,278,1,True
PRJ-SYNTH-02872,Highway,205,115,3,3,67,48,47,APPROVED,0.763,62,HIGH,205,1,True
PRJ-SYNTH-02873,Railway,226,122,9,1,84,50,31,APPROVED,0.944,82,CRITICAL,266,1,True
PRJ-SYNTH-02874,Energy & Power,245,53,2,2,88,65,55,APPROVED,0.622,54,MEDIUM,158,1,True
PRJ-SYNTH-02875,Urban Infrastructure,88,106,12,2,7,5,0,APPROVED,0.98,99,CRITICAL,352,1,True
PRJ-SYNTH-02876,Railway,122,69,2,0,100,91,64,APPROVED,0.159,28,LOW,0,0,True
PRJ-SYNTH-02877,Railway,314,161,5,0,88,71,58,APPROVED,0.5,48,MEDIUM,160,1,True
PRJ-SYNTH-02878,Railway,450,215,5,0,58,48,31,APPROVED,0.841,68,HIGH,226,1,True
PRJ-SYNTH-02879,Highway,127,93,2,7,95,87,63,IN_REVIEW,0.889,73,HIGH,232,1,True
PRJ-SYNTH-02880,Railway,228,110,2,3,38,33,26,IN_REVIEW,0.963,87,CRITICAL,320,1,True
PRJ-SYNTH-02881,Urban Infrastructure,53,63,11,1,69,49,30,APPROVED,0.973,91,CRITICAL,348,1,True
PRJ-SYNTH-02882,Energy & Power,320,97,1,0,15,11,10,APPROVED,0.924,78,HIGH,246,1,True
PRJ-SYNTH-02883,Urban Infrastructure,32,36,11,5,40,27,1,APPROVED,0.98,99,CRITICAL,352,1,True
PRJ-SYNTH-02884,Urban Infrastructure,85,91,4,4,93,76,64,APPROVED,0.714,59,MEDIUM,188,1,True
PRJ-SYNTH-02885,Highway,159,85,4,6,47,35,23,IN_REVIEW,0.98,99,CRITICAL,358,1,True
PRJ-SYNTH-02886,Railway,533,260,8,1,42,28,18,APPROVED,0.98,99,CRITICAL,367,1,True
PRJ-SYNTH-02887,Highway,163,96,5,4,42,27,15,IN_REVIEW,0.98,99,CRITICAL,358,1,True
PRJ-SYNTH-02888,Highway,53,32,4,1,54,44,32,APPROVED,0.862,70,HIGH,231,1,True
PRJ-SYNTH-02889,Urban Infrastructure,94,96,6,1,30,25,15,APPROVED,0.98,97,CRITICAL,328,1,True
PRJ-SYNTH-02890,Industrial Corridor,875,220,1,1,100,80,66,APPROVED,0.223,33,LOW,0,0,True
PRJ-SYNTH-02891,Highway,201,115,6,1,26,15,7,APPROVED,0.98,99,CRITICAL,356,1,True
PRJ-SYNTH-02892,Railway,445,194,5,6,65,61,38,IN_REVIEW,0.98,99,CRITICAL,343,1,True
PRJ-SYNTH-02893,Energy & Power,80,33,2,5,83,49,43,APPROVED,0.881,72,HIGH,262,1,True
PRJ-SYNTH-02894,Highway,118,61,0,1,46,43,31,IN_REVIEW,0.714,59,MEDIUM,206,1,True
PRJ-SYNTH-02895,Railway,277,150,3,2,24,20,15,APPROVED,0.949,83,CRITICAL,289,1,True
PRJ-SYNTH-02896,Urban Infrastructure,71,81,6,2,41,25,13,APPROVED,0.98,97,CRITICAL,341,1,True
PRJ-SYNTH-02897,Urban Infrastructure,59,70,11,3,38,25,2,PENDING,0.98,99,CRITICAL,345,1,True
PRJ-SYNTH-02898,Highway,84,67,5,6,80,58,58,PENDING,0.966,88,CRITICAL,284,1,True
PRJ-SYNTH-02899,Railway,229,130,3,1,56,52,42,APPROVED,0.777,63,HIGH,206,1,True
PRJ-SYNTH-02900,Urban Infrastructure,154,143,5,7,57,55,37,APPROVED,0.98,99,CRITICAL,371,1,True
PRJ-SYNTH-02901,Railway,171,98,7,1,19,11,0,APPROVED,0.98,99,CRITICAL,353,1,True
PRJ-SYNTH-02902,Highway,180,100,5,0,52,38,22,PENDING,0.98,95,CRITICAL,359,1,True
PRJ-SYNTH-02903,Urban Infrastructure,85,79,8,2,88,57,52,APPROVED,0.872,71,HIGH,235,1,True
PRJ-SYNTH-02904,Highway,258,141,6,0,83,57,53,IN_REVIEW,0.763,62,HIGH,216,1,True
PRJ-SYNTH-02905,Urban Infrastructure,94,105,4,1,46,44,24,APPROVED,0.96,86,CRITICAL,298,1,True
PRJ-SYNTH-02906,Highway,142,74,4,0,79,77,54,APPROVED,0.479,47,MEDIUM,148,1,True
PRJ-SYNTH-02907,Industrial Corridor,541,140,4,2,55,41,38,PENDING,0.966,88,CRITICAL,282,1,True
PRJ-SYNTH-02908,Railway,534,277,2,2,74,47,42,PENDING,0.881,72,HIGH,237,1,True
PRJ-SYNTH-02909,Highway,269,123,3,0,53,42,35,IN_REVIEW,0.818,66,HIGH,246,1,True
PRJ-SYNTH-02910,Highway,188,109,5,0,33,22,13,APPROVED,0.96,86,CRITICAL,293,1,True
PRJ-SYNTH-02911,Highway,329,149,2,1,36,33,28,IN_REVIEW,0.953,84,CRITICAL,289,1,True
PRJ-SYNTH-02912,Energy & Power,87,21,0,2,78,72,53,IN_REVIEW,0.438,45,MEDIUM,0,0,True
PRJ-SYNTH-02913,Industrial Corridor,454,97,1,7,0,0,0,IN_REVIEW,0.98,99,CRITICAL,348,1,True
PRJ-SYNTH-02914,Railway,95,60,4,5,85,51,42,IN_REVIEW,0.918,77,HIGH,264,1,True
PRJ-SYNTH-02915,Railway,295,171,8,0,46,44,15,APPROVED,0.98,99,CRITICAL,340,1,True
PRJ-SYNTH-02916,Urban Infrastructure,72,79,16,2,24,20,0,APPROVED,0.98,99,CRITICAL,352,1,True
PRJ-SYNTH-02917,Energy & Power,94,17,3,5,85,65,52,APPROVED,0.731,60,HIGH,234,1,True
PRJ-SYNTH-02918,Railway,390,209,6,1,0,0,0,APPROVED,0.98,99,CRITICAL,337,1,True
PRJ-SYNTH-02919,Railway,112,61,1,1,75,44,48,IN_REVIEW,0.697,58,MEDIUM,180,1,True
PRJ-SYNTH-02920,Railway,322,171,5,6,98,63,60,APPROVED,0.918,77,HIGH,260,1,True
PRJ-SYNTH-02921,Urban Infrastructure,90,113,11,1,14,7,0,APPROVED,0.98,99,CRITICAL,345,1,True
PRJ-SYNTH-02922,Highway,194,118,5,2,46,37,30,APPROVED,0.949,83,CRITICAL,262,1,True
PRJ-SYNTH-02923,Urban Infrastructure,21,30,15,4,53,45,16,APPROVED,0.98,99,CRITICAL,347,1,True
PRJ-SYNTH-02924,Railway,443,186,0,3,25,20,19,PENDING,0.979,94,CRITICAL,337,1,True
PRJ-SYNTH-02925,Urban Infrastructure,47,68,12,3,53,35,12,PENDING,0.98,99,CRITICAL,331,1,True
PRJ-SYNTH-02926,Highway,144,72,5,0,100,63,63,PENDING,0.562,51,MEDIUM,174,1,True
PRJ-SYNTH-02927,Railway,207,123,4,1,67,56,48,APPROVED,0.731,60,HIGH,220,1,True
PRJ-SYNTH-02928,Railway,367,203,2,5,69,53,41,APPROVED,0.897,74,HIGH,258,1,True
PRJ-SYNTH-02929,Urban Infrastructure,45,50,11,1,18,16,0,IN_REVIEW,0.98,99,CRITICAL,348,1,True
PRJ-SYNTH-02930,Highway,102,71,9,2,84,67,45,APPROVED,0.912,76,HIGH,264,1,True
PRJ-SYNTH-02931,Railway,408,185,3,4,0,0,0,REJECTED,0.98,99,CRITICAL,347,1,True
PRJ-SYNTH-02932,Railway,272,165,6,2,55,42,25,APPROVED,0.966,88,CRITICAL,331,1,True
PRJ-SYNTH-02933,Railway,414,212,4,2,81,71,58,IN_REVIEW,0.841,68,HIGH,246,1,True
PRJ-SYNTH-02934,Urban Infrastructure,65,54,1,1,1,0,0,IN_REVIEW,0.98,99,CRITICAL,315,1,True
PRJ-SYNTH-02935,Urban Infrastructure,39,50,8,2,2,1,0,IN_REVIEW,0.98,99,CRITICAL,348,1,True
PRJ-SYNTH-02936,Energy & Power,72,24,2,1,25,21,15,PENDING,0.963,87,CRITICAL,330,1,True
PRJ-SYNTH-02937,Highway,196,72,5,5,91,86,64,APPROVED,0.912,76,HIGH,266,1,True
PRJ-SYNTH-02938,Energy & Power,182,57,3,7,44,42,28,APPROVED,0.968,89,CRITICAL,284,1,True
PRJ-SYNTH-02939,Railway,373,171,4,2,81,54,48,APPROVED,0.83,67,HIGH,219,1,True
PRJ-SYNTH-02940,Highway,138,71,6,1,74,60,48,IN_REVIEW,0.83,67,HIGH,233,1,True
PRJ-SYNTH-02941,Highway,217,126,6,0,14,9,0,APPROVED,0.98,95,CRITICAL,320,1,True
PRJ-SYNTH-02942,Highway,181,98,2,2,52,41,32,PENDING,0.968,89,CRITICAL,335,1,True
PRJ-SYNTH-02943,Urban Infrastructure,37,68,9,3,45,27,15,APPROVED,0.98,99,CRITICAL,330,1,True
PRJ-SYNTH-02944,Urban Infrastructure,46,59,7,1,67,64,45,APPROVED,0.805,65,HIGH,226,1,True
PRJ-SYNTH-02945,Urban Infrastructure,25,37,12,2,52,50,15,APPROVED,0.98,99,CRITICAL,346,1,True
PRJ-SYNTH-02946,Railway,550,302,6,4,54,44,28,IN_REVIEW,0.98,99,CRITICAL,369,1,True
PRJ-SYNTH-02947,Railway,323,173,5,7,86,58,42,APPROVED,0.966,88,CRITICAL,306,1,True
PRJ-SYNTH-02948,Highway,89,58,7,6,83,75,47,PENDING,0.98,95,CRITICAL,349,1,True
PRJ-SYNTH-02949,Highway,376,180,4,2,22,17,10,APPROVED,0.973,91,CRITICAL,314,1,True
PRJ-SYNTH-02950,Railway,170,99,4,2,47,38,27,APPROVED,0.94,81,CRITICAL,281,1,True
PRJ-SYNTH-02951,Highway,137,91,3,6,61,39,38,APPROVED,0.963,87,CRITICAL,298,1,True
PRJ-SYNTH-02952,Highway,163,94,5,1,59,39,26,IN_REVIEW,0.971,90,CRITICAL,288,1,True
PRJ-SYNTH-02953,Railway,279,154,1,1,77,62,50,IN_REVIEW,0.714,59,MEDIUM,221,1,True
PRJ-SYNTH-02954,Urban Infrastructure,97,130,11,0,57,35,23,PENDING,0.98,99,CRITICAL,357,1,True
PRJ-SYNTH-02955,Industrial Corridor,340,90,1,7,78,68,67,APPROVED,0.818,66,HIGH,230,1,True
PRJ-SYNTH-02956,Industrial Corridor,760,185,2,0,79,52,57,IN_REVIEW,0.5,48,MEDIUM,160,1,True
PRJ-SYNTH-02957,Urban Infrastructure,54,57,12,1,39,37,6,IN_REVIEW,0.98,99,CRITICAL,328,1,True
PRJ-SYNTH-02958,Railway,298,166,2,4,53,49,40,PENDING,0.98,99,CRITICAL,338,1,True
PRJ-SYNTH-02959,Urban Infrastructure,52,56,10,1,84,59,40,APPROVED,0.905,75,HIGH,261,1,True
PRJ-SYNTH-02960,Urban Infrastructure,48,46,8,5,40,24,15,APPROVED,0.98,99,CRITICAL,351,1,True
PRJ-SYNTH-02961,Highway,172,96,2,2,80,66,52,PENDING,0.805,65,HIGH,234,1,True
PRJ-SYNTH-02962,Railway,526,270,5,2,38,26,21,IN_REVIEW,0.98,99,CRITICAL,332,1,True
PRJ-SYNTH-02963,Energy & Power,169,56,1,4,71,46,51,APPROVED,0.763,62,HIGH,203,1,True
PRJ-SYNTH-02964,Railway,435,195,5,3,67,52,39,IN_REVIEW,0.944,82,CRITICAL,285,1,True
PRJ-SYNTH-02965,Railway,293,176,5,1,73,71,46,APPROVED,0.661,56,MEDIUM,190,1,True
PRJ-SYNTH-02966,Railway,287,152,3,4,100,61,68,IN_REVIEW,0.697,58,MEDIUM,213,1,True
PRJ-SYNTH-02967,Highway,198,118,3,1,35,23,21,APPROVED,0.956,85,CRITICAL,276,1,True
PRJ-SYNTH-02968,Railway,337,176,3,0,64,50,40,APPROVED,0.841,68,HIGH,246,1,True
PRJ-SYNTH-02969,Highway,153,80,3,1,77,69,48,PENDING,0.818,66,HIGH,231,1,True
PRJ-SYNTH-02970,Highway,289,148,3,3,77,45,45,APPROVED,0.818,66,HIGH,221,1,True
PRJ-SYNTH-02971,Highway,226,113,1,6,55,47,40,APPROVED,0.944,82,CRITICAL,291,1,True
PRJ-SYNTH-02972,Energy & Power,103,33,5,6,67,43,40,APPROVED,0.949,83,CRITICAL,299,1,True
PRJ-SYNTH-02973,Highway,54,25,5,1,57,52,44,APPROVED,0.83,67,HIGH,205,1,True
PRJ-SYNTH-02974,Railway,519,271,3,5,78,65,55,APPROVED,0.83,67,HIGH,263,1,True
PRJ-SYNTH-02975,Highway,201,122,9,0,49,37,21,IN_REVIEW,0.98,98,CRITICAL,342,1,True
PRJ-SYNTH-02976,Industrial Corridor,444,111,2,1,60,54,41,APPROVED,0.661,56,MEDIUM,202,1,True
PRJ-SYNTH-02977,Highway,147,80,3,0,67,59,49,APPROVED,0.479,47,MEDIUM,171,1,True
PRJ-SYNTH-02978,Railway,395,202,1,0,51,44,32,REJECTED,0.96,86,CRITICAL,303,1,True
PRJ-SYNTH-02979,Energy & Power,194,57,1,3,44,30,32,APPROVED,0.862,70,HIGH,237,1,True
PRJ-SYNTH-02980,Energy & Power,204,69,4,1,25,20,10,PENDING,0.98,99,CRITICAL,347,1,True
PRJ-SYNTH-02981,Highway,247,149,3,0,57,35,27,APPROVED,0.83,67,HIGH,234,1,True
PRJ-SYNTH-02982,Energy & Power,251,69,2,1,43,39,36,IN_REVIEW,0.889,73,HIGH,259,1,True
PRJ-SYNTH-02983,Railway,347,164,7,2,47,36,26,APPROVED,0.98,99,CRITICAL,369,1,True
PRJ-SYNTH-02984,Railway,364,186,4,0,89,80,56,APPROVED,0.458,46,MEDIUM,156,1,True
PRJ-SYNTH-02985,Highway,129,76,5,3,50,33,23,IN_REVIEW,0.98,98,CRITICAL,329,1,True
PRJ-SYNTH-02986,Highway,135,71,7,2,85,54,54,APPROVED,0.763,62,HIGH,217,1,True
PRJ-SYNTH-02987,Urban Infrastructure,37,44,6,0,65,56,44,APPROVED,0.818,66,HIGH,219,1,True
PRJ-SYNTH-02988,Railway,216,103,4,2,51,30,31,IN_REVIEW,0.949,83,CRITICAL,273,1,True
PRJ-SYNTH-02989,Railway,262,110,4,3,33,21,15,APPROVED,0.975,92,CRITICAL,310,1,True
PRJ-SYNTH-02990,Urban Infrastructure,62,82,14,3,41,38,2,APPROVED,0.98,99,CRITICAL,325,1,True
PRJ-SYNTH-02991,Urban Infrastructure,136,154,4,8,48,29,21,APPROVED,0.98,99,CRITICAL,327,1,True
PRJ-SYNTH-02992,Highway,205,101,5,3,87,64,54,PENDING,0.93,79,HIGH,298,1,True
PRJ-SYNTH-02993,Urban Infrastructure,60,62,4,1,100,97,88,APPROVED,0.237,34,LOW,0,0,True
PRJ-SYNTH-02994,Highway,109,59,8,5,78,46,39,APPROVED,0.98,95,CRITICAL,332,1,True
PRJ-SYNTH-02995,Urban Infrastructure,53,74,12,7,28,21,0,APPROVED,0.98,99,CRITICAL,330,1,True
PRJ-SYNTH-02996,Urban Infrastructure,162,136,5,3,58,51,37,APPROVED,0.924,78,HIGH,244,1,True
PRJ-SYNTH-02997,Industrial Corridor,1328,334,1,1,57,51,45,APPROVED,0.642,55,MEDIUM,188,1,True
PRJ-SYNTH-02998,Highway,156,76,4,3,44,38,27,APPROVED,0.956,85,CRITICAL,307,1,True
PRJ-SYNTH-02999,Highway,76,53,7,3,52,49,31,PENDING,0.98,95,CRITICAL,330,1,True
PRJ-SYNTH-03000,Highway,147,67,5,3,54,32,23,APPROVED,0.963,87,CRITICAL,318,1,True
PRJ-SYNTH-03001,Highway,326,153,2,2,100,62,56,APPROVED,0.458,46,MEDIUM,154,1,True
PRJ-SYNTH-03002,Highway,172,87,5,0,65,57,46,IN_REVIEW,0.852,69,HIGH,237,1,True
PRJ-SYNTH-03003,Industrial Corridor,957,233,2,2,82,71,54,APPROVED,0.791,64,HIGH,232,1,True
PRJ-SYNTH-03004,Highway,181,104,3,0,86,71,51,APPROVED,0.438,45,MEDIUM,0,0,True
PRJ-SYNTH-03005,Highway,87,42,1,6,82,72,60,APPROVED,0.714,59,MEDIUM,209,1,True
PRJ-SYNTH-03006,Urban Infrastructure,65,72,5,0,91,85,73,PENDING,0.661,56,MEDIUM,198,1,True
PRJ-SYNTH-03007,Railway,385,187,3,0,51,39,26,IN_REVIEW,0.897,74,HIGH,255,1,True
PRJ-SYNTH-03008,Urban Infrastructure,44,63,12,2,70,67,27,APPROVED,0.98,99,CRITICAL,366,1,True
PRJ-SYNTH-03009,Highway,258,137,6,2,100,86,66,PENDING,0.881,72,HIGH,262,1,True
PRJ-SYNTH-03010,Railway,287,142,4,1,40,30,19,PENDING,0.979,94,CRITICAL,305,1,True
PRJ-SYNTH-03011,Highway,252,122,2,2,53,39,38,APPROVED,0.905,75,HIGH,256,1,True
PRJ-SYNTH-03012,Highway,211,103,5,5,47,41,29,APPROVED,0.98,97,CRITICAL,329,1,True
PRJ-SYNTH-03013,Industrial Corridor,522,131,3,3,100,83,81,APPROVED,0.479,47,MEDIUM,162,1,True
PRJ-SYNTH-03014,Highway,158,93,11,0,21,18,0,APPROVED,0.98,99,CRITICAL,331,1,True
PRJ-SYNTH-03015,Railway,241,129,4,4,61,54,43,IN_REVIEW,0.971,90,CRITICAL,299,1,True
PRJ-SYNTH-03016,Railway,211,106,2,2,74,58,57,IN_REVIEW,0.805,65,HIGH,224,1,True
PRJ-SYNTH-03017,Highway,203,101,4,0,45,43,23,APPROVED,0.93,79,HIGH,277,1,True
PRJ-SYNTH-03018,Energy & Power,518,127,1,3,38,32,22,APPROVED,0.935,80,CRITICAL,267,1,True
PRJ-SYNTH-03019,Highway,289,149,2,3,41,26,25,IN_REVIEW,0.96,86,CRITICAL,286,1,True
PRJ-SYNTH-03020,Urban Infrastructure,126,151,9,2,45,36,17,APPROVED,0.98,99,CRITICAL,322,1,True
PRJ-SYNTH-03021,Industrial Corridor,583,146,3,1,47,30,25,APPROVED,0.872,71,HIGH,253,1,True
PRJ-SYNTH-03022,Railway,449,219,5,3,93,74,49,APPROVED,0.777,63,HIGH,214,1,True
PRJ-SYNTH-03023,Industrial Corridor,1277,331,4,0,45,37,25,IN_REVIEW,0.93,79,HIGH,267,1,True
PRJ-SYNTH-03024,Highway,128,71,5,3,44,39,27,APPROVED,0.944,82,CRITICAL,299,1,True
PRJ-SYNTH-03025,Railway,331,157,0,1,74,62,61,APPROVED,0.438,45,MEDIUM,0,0,True
PRJ-SYNTH-03026,Highway,224,114,4,1,66,59,44,APPROVED,0.852,69,HIGH,249,1,True
PRJ-SYNTH-03027,Urban Infrastructure,55,67,11,1,0,0,0,PENDING,0.98,99,CRITICAL,367,1,True
PRJ-SYNTH-03028,Industrial Corridor,798,194,0,0,43,33,34,APPROVED,0.747,61,HIGH,182,1,True
PRJ-SYNTH-03029,Highway,229,113,3,3,47,43,31,APPROVED,0.973,91,CRITICAL,289,1,True
PRJ-SYNTH-03030,Urban Infrastructure,58,75,7,1,29,22,5,IN_REVIEW,0.98,99,CRITICAL,324,1,True
PRJ-SYNTH-03031,Highway,283,163,5,0,81,58,43,APPROVED,0.642,55,MEDIUM,174,1,True
PRJ-SYNTH-03032,Railway,157,87,7,1,17,14,0,IN_REVIEW,0.98,99,CRITICAL,361,1,True
PRJ-SYNTH-03033,Railway,240,129,5,6,83,50,46,APPROVED,0.953,84,CRITICAL,289,1,True
PRJ-SYNTH-03034,Industrial Corridor,964,239,2,3,9,6,2,APPROVED,0.98,99,CRITICAL,376,1,True
PRJ-SYNTH-03035,Urban Infrastructure,167,191,6,1,58,40,29,APPROVED,0.975,92,CRITICAL,316,1,True
PRJ-SYNTH-03036,Highway,291,154,8,1,92,76,63,APPROVED,0.777,63,HIGH,216,1,True
PRJ-SYNTH-03037,Highway,194,86,9,7,36,30,10,APPROVED,0.98,99,CRITICAL,366,1,True
PRJ-SYNTH-03038,Highway,172,103,2,0,62,39,46,IN_REVIEW,0.697,58,MEDIUM,164,1,True
PRJ-SYNTH-03039,Highway,159,88,6,6,81,74,47,IN_REVIEW,0.963,87,CRITICAL,306,1,True
PRJ-SYNTH-03040,Highway,160,74,2,4,86,70,53,APPROVED,0.5,48,MEDIUM,176,1,True
PRJ-SYNTH-03041,Energy & Power,72,16,3,4,68,49,41,APPROVED,0.918,77,HIGH,286,1,True
PRJ-SYNTH-03042,Railway,540,247,2,1,57,51,48,PENDING,0.791,64,HIGH,237,1,True
PRJ-SYNTH-03043,Railway,271,120,4,6,54,44,38,IN_REVIEW,0.977,93,CRITICAL,329,1,True
PRJ-SYNTH-03044,Highway,124,58,3,4,25,22,12,IN_REVIEW,0.98,99,CRITICAL,365,1,True
PRJ-SYNTH-03045,Energy & Power,264,100,2,2,36,34,26,APPROVED,0.96,86,CRITICAL,321,1,True
PRJ-SYNTH-03046,Urban Infrastructure,40,44,5,1,58,37,31,APPROVED,0.818,66,HIGH,240,1,True
PRJ-SYNTH-03047,Highway,271,142,8,2,59,51,27,PENDING,0.98,99,CRITICAL,331,1,True
PRJ-SYNTH-03048,Urban Infrastructure,39,40,11,5,100,89,50,APPROVED,0.935,80,CRITICAL,282,1,True
PRJ-SYNTH-03049,Railway,376,179,2,1,81,75,59,APPROVED,0.583,52,MEDIUM,194,1,True
PRJ-SYNTH-03050,Highway,158,78,5,3,48,35,28,APPROVED,0.968,89,CRITICAL,307,1,True
PRJ-SYNTH-03051,Railway,311,155,5,1,70,64,40,APPROVED,0.889,73,HIGH,265,1,True
PRJ-SYNTH-03052,Railway,387,186,4,3,14,10,2,PENDING,0.98,99,CRITICAL,345,1,True
PRJ-SYNTH-03053,Highway,142,59,4,0,61,37,33,PENDING,0.912,76,HIGH,257,1,True
PRJ-SYNTH-03054,Industrial Corridor,997,256,2,3,79,45,56,IN_REVIEW,0.777,63,HIGH,222,1,True
PRJ-SYNTH-03055,Energy & Power,74,37,4,5,76,59,45,APPROVED,0.94,81,CRITICAL,262,1,True
PRJ-SYNTH-03056,Urban Infrastructure,144,142,10,5,48,42,11,PENDING,0.98,99,CRITICAL,350,1,True
PRJ-SYNTH-03057,Railway,410,196,7,1,68,49,39,PENDING,0.963,87,CRITICAL,293,1,True
PRJ-SYNTH-03058,Railway,268,129,0,2,58,53,51,IN_REVIEW,0.791,64,HIGH,232,1,True
PRJ-SYNTH-03059,Urban Infrastructure,124,166,12,2,56,42,20,PENDING,0.98,99,CRITICAL,329,1,True
PRJ-SYNTH-03060,Railway,421,222,8,1,29,15,4,APPROVED,0.98,99,CRITICAL,375,1,True
PRJ-SYNTH-03061,Highway,182,113,7,3,26,24,7,APPROVED,0.98,99,CRITICAL,331,1,True
PRJ-SYNTH-03062,Railway,276,123,3,1,92,71,51,APPROVED,0.583,52,MEDIUM,194,1,True
PRJ-SYNTH-03063,Energy & Power,130,42,1,0,58,49,47,IN_REVIEW,0.714,59,MEDIUM,204,1,True
PRJ-SYNTH-03064,Railway,284,141,7,1,65,42,38,APPROVED,0.935,80,CRITICAL,287,1,True
PRJ-SYNTH-03065,Highway,85,54,3,1,40,28,19,APPROVED,0.912,76,HIGH,276,1,True
PRJ-SYNTH-03066,Urban Infrastructure,99,118,9,4,23,17,0,APPROVED,0.98,99,CRITICAL,343,1,True
PRJ-SYNTH-03067,Highway,255,123,9,8,37,33,9,APPROVED,0.98,99,CRITICAL,344,1,True
PRJ-SYNTH-03068,Highway,73,46,5,1,68,43,42,IN_REVIEW,0.912,76,HIGH,263,1,True
PRJ-SYNTH-03069,Highway,327,179,4,0,7,4,0,APPROVED,0.98,96,CRITICAL,306,1,True
PRJ-SYNTH-03070,Highway,136,86,7,2,59,48,34,APPROVED,0.96,86,CRITICAL,313,1,True
PRJ-SYNTH-03071,Urban Infrastructure,261,258,4,4,76,58,40,IN_REVIEW,0.956,85,CRITICAL,298,1,True
PRJ-SYNTH-03072,Railway,305,157,3,3,38,34,19,PENDING,0.98,99,CRITICAL,341,1,True
PRJ-SYNTH-03073,Highway,328,161,5,0,63,39,39,APPROVED,0.852,69,HIGH,239,1,True
PRJ-SYNTH-03074,Energy & Power,127,44,2,2,66,65,56,APPROVED,0.697,58,MEDIUM,196,1,True
PRJ-SYNTH-03075,Energy & Power,183,67,6,0,34,31,16,IN_REVIEW,0.968,89,CRITICAL,280,1,True
PRJ-SYNTH-03076,Energy & Power,161,55,4,3,55,39,27,PENDING,0.977,93,CRITICAL,318,1,True
PRJ-SYNTH-03077,Highway,85,40,2,0,61,47,38,APPROVED,0.697,58,MEDIUM,202,1,True
PRJ-SYNTH-03078,Railway,157,92,2,3,40,23,18,APPROVED,0.96,86,CRITICAL,288,1,True
PRJ-SYNTH-03079,Industrial Corridor,721,182,0,4,56,43,44,APPROVED,0.83,67,HIGH,235,1,True
PRJ-SYNTH-03080,Urban Infrastructure,81,87,9,0,50,40,22,APPROVED,0.966,88,CRITICAL,320,1,True
PRJ-SYNTH-03081,Highway,110,62,6,8,63,60,37,PENDING,0.98,99,CRITICAL,337,1,True
PRJ-SYNTH-03082,Highway,154,69,3,1,100,74,63,APPROVED,0.286,37,MEDIUM,0,0,True
PRJ-SYNTH-03083,Railway,203,97,2,0,37,29,25,APPROVED,0.905,75,HIGH,263,1,True
PRJ-SYNTH-03084,Industrial Corridor,737,179,4,4,92,80,76,APPROVED,0.603,53,MEDIUM,191,1,True
PRJ-SYNTH-03085,Railway,362,154,2,0,39,31,24,APPROVED,0.862,70,HIGH,270,1,True
PRJ-SYNTH-03086,Railway,290,175,7,2,54,34,23,IN_REVIEW,0.98,99,CRITICAL,339,1,True
PRJ-SYNTH-03087,Highway,139,78,5,3,80,52,50,APPROVED,0.905,75,HIGH,263,1,True
PRJ-SYNTH-03088,Urban Infrastructure,114,143,9,1,62,39,22,APPROVED,0.977,93,CRITICAL,343,1,True
PRJ-SYNTH-03089,Energy & Power,256,69,2,1,3,1,0,APPROVED,0.979,94,CRITICAL,316,1,True
PRJ-SYNTH-03090,Railway,293,153,4,1,86,61,62,PENDING,0.872,71,HIGH,256,1,True
PRJ-SYNTH-03091,Urban Infrastructure,32,38,4,0,67,59,48,APPROVED,0.603,53,MEDIUM,193,1,True
PRJ-SYNTH-03092,Industrial Corridor,1029,266,0,2,51,29,34,APPROVED,0.83,67,HIGH,243,1,True
PRJ-SYNTH-03093,Highway,223,127,3,1,57,51,47,APPROVED,0.747,61,HIGH,204,1,True
PRJ-SYNTH-03094,Railway,340,173,4,5,69,46,44,APPROVED,0.971,90,CRITICAL,301,1,True
PRJ-SYNTH-03095,Highway,164,87,4,2,73,60,51,APPROVED,0.763,62,HIGH,213,1,True
PRJ-SYNTH-03096,Urban Infrastructure,50,69,10,7,63,51,34,APPROVED,0.98,99,CRITICAL,346,1,True
PRJ-SYNTH-03097,Railway,541,265,3,1,42,25,23,PENDING,0.98,95,CRITICAL,312,1,True
PRJ-SYNTH-03098,Urban Infrastructure,49,53,6,0,55,38,23,APPROVED,0.96,86,CRITICAL,308,1,True
PRJ-SYNTH-03099,Urban Infrastructure,28,44,11,6,27,18,0,PENDING,0.98,99,CRITICAL,359,1,True
PRJ-SYNTH-03100,Railway,299,172,4,4,78,64,51,APPROVED,0.881,72,HIGH,233,1,True
PRJ-SYNTH-03101,Industrial Corridor,752,193,1,0,57,50,43,APPROVED,0.521,49,MEDIUM,184,1,True
PRJ-SYNTH-03102,Railway,423,209,5,1,68,65,53,APPROVED,0.862,70,HIGH,227,1,True
PRJ-SYNTH-03103,Highway,170,73,3,5,47,29,22,PENDING,0.98,99,CRITICAL,335,1,True
PRJ-SYNTH-03104,Urban Infrastructure,93,98,5,1,59,56,42,APPROVED,0.889,73,HIGH,255,1,True
PRJ-SYNTH-03105,Urban Infrastructure,142,149,9,0,46,36,14,PENDING,0.98,99,CRITICAL,347,1,True
PRJ-SYNTH-03106,Highway,217,132,8,5,22,15,2,APPROVED,0.98,99,CRITICAL,366,1,True
PRJ-SYNTH-03107,Energy & Power,124,39,5,0,84,59,50,PENDING,0.918,77,HIGH,279,1,True
PRJ-SYNTH-03108,Industrial Corridor,373,88,2,6,78,52,53,APPROVED,0.918,77,HIGH,273,1,True
PRJ-SYNTH-03109,Highway,220,133,8,4,21,15,0,REJECTED,0.98,99,CRITICAL,336,1,True
PRJ-SYNTH-03110,Industrial Corridor,665,193,0,2,44,41,30,IN_REVIEW,0.83,67,HIGH,227,1,True
PRJ-SYNTH-03111,Highway,204,98,4,3,44,28,26,APPROVED,0.968,89,CRITICAL,297,1,True
PRJ-SYNTH-03112,Highway,182,79,5,4,90,68,49,APPROVED,0.862,70,HIGH,237,1,True
PRJ-SYNTH-03113,Highway,99,45,5,2,79,53,44,APPROVED,0.918,77,HIGH,295,1,True
PRJ-SYNTH-03114,Energy & Power,198,48,1,3,68,45,48,APPROVED,0.731,60,HIGH,208,1,True
PRJ-SYNTH-03115,Urban Infrastructure,32,27,3,1,20,18,7,IN_REVIEW,0.968,89,CRITICAL,314,1,True
PRJ-SYNTH-03116,Highway,145,69,6,4,67,46,37,APPROVED,0.963,87,CRITICAL,297,1,True
PRJ-SYNTH-03117,Railway,397,169,5,4,61,40,31,APPROVED,0.963,87,CRITICAL,290,1,True
PRJ-SYNTH-03118,Urban Infrastructure,67,101,15,3,33,30,0,APPROVED,0.98,99,CRITICAL,348,1,True
PRJ-SYNTH-03119,Highway,234,129,1,0,96,71,74,APPROVED,0.303,38,MEDIUM,0,0,True
PRJ-SYNTH-03120,Energy & Power,232,69,1,6,58,34,37,APPROVED,0.918,77,HIGH,286,1,True
PRJ-SYNTH-03121,Energy & Power,185,63,0,1,94,82,69,APPROVED,0.195,31,LOW,0,0,True
PRJ-SYNTH-03122,Railway,308,163,3,2,51,39,26,PENDING,0.963,87,CRITICAL,297,1,True
PRJ-SYNTH-03123,Industrial Corridor,399,107,1,4,42,37,32,APPROVED,0.924,78,HIGH,261,1,True
PRJ-SYNTH-03124,Railway,374,193,6,3,24,17,4,PENDING,0.98,99,CRITICAL,349,1,True
PRJ-SYNTH-03125,Industrial Corridor,557,148,2,2,60,42,46,APPROVED,0.731,60,HIGH,226,1,True
PRJ-SYNTH-03126,Urban Infrastructure,86,85,9,0,52,31,18,APPROVED,0.98,96,CRITICAL,351,1,True
PRJ-SYNTH-03127,Urban Infrastructure,53,86,13,0,21,19,0,PENDING,0.98,99,CRITICAL,372,1,True
PRJ-SYNTH-03128,Highway,99,58,6,2,33,21,11,APPROVED,0.98,97,CRITICAL,320,1,True
PRJ-SYNTH-03129,Energy & Power,150,50,2,1,91,89,73,REJECTED,0.622,54,MEDIUM,193,1,True
PRJ-SYNTH-03130,Railway,341,165,7,3,73,49,41,APPROVED,0.963,87,CRITICAL,311,1,True
PRJ-SYNTH-03131,Highway,433,220,5,0,100,90,82,APPROVED,0.339,40,MEDIUM,0,0,True
PRJ-SYNTH-03132,Highway,177,109,5,1,17,14,5,REJECTED,0.98,99,CRITICAL,360,1,True
PRJ-SYNTH-03133,Railway,583,314,3,2,100,75,74,APPROVED,0.397,43,MEDIUM,0,0,True
PRJ-SYNTH-03134,Railway,130,76,10,4,30,22,2,PENDING,0.98,99,CRITICAL,342,1,True
PRJ-SYNTH-03135,Urban Infrastructure,55,74,14,5,11,8,0,APPROVED,0.98,99,CRITICAL,321,1,True
PRJ-SYNTH-03136,Energy & Power,208,60,1,4,69,55,48,IN_REVIEW,0.841,68,HIGH,283,1,True
PRJ-SYNTH-03137,Highway,234,137,6,0,9,6,0,APPROVED,0.98,99,CRITICAL,344,1,True
PRJ-SYNTH-03138,Urban Infrastructure,43,38,4,2,86,67,48,IN_REVIEW,0.731,60,HIGH,224,1,True
PRJ-SYNTH-03139,Highway,213,118,8,1,57,45,23,APPROVED,0.975,92,CRITICAL,322,1,True
PRJ-SYNTH-03140,Energy & Power,193,60,2,3,44,29,32,APPROVED,0.912,76,HIGH,255,1,True
PRJ-SYNTH-03141,Energy & Power,384,101,0,1,90,54,66,APPROVED,0.209,32,LOW,0,0,True
PRJ-SYNTH-03142,Railway,299,161,7,5,51,36,22,APPROVED,0.98,99,CRITICAL,345,1,True
PRJ-SYNTH-03143,Urban Infrastructure,249,254,10,2,50,36,13,IN_REVIEW,0.98,99,CRITICAL,328,1,True
PRJ-SYNTH-03144,Highway,167,95,5,1,73,69,51,IN_REVIEW,0.731,60,HIGH,200,1,True
PRJ-SYNTH-03145,Railway,435,220,4,2,43,30,20,APPROVED,0.956,85,CRITICAL,282,1,True
PRJ-SYNTH-03146,Energy & Power,430,121,0,2,38,28,25,APPROVED,0.881,72,HIGH,250,1,True
PRJ-SYNTH-03147,Railway,81,43,5,3,54,46,26,IN_REVIEW,0.973,91,CRITICAL,314,1,True
PRJ-SYNTH-03148,Railway,372,206,4,7,25,15,8,IN_REVIEW,0.98,99,CRITICAL,343,1,True
PRJ-SYNTH-03149,Railway,159,87,8,1,42,38,18,IN_REVIEW,0.98,99,CRITICAL,353,1,True
PRJ-SYNTH-03150,Energy & Power,190,70,3,4,35,26,16,IN_REVIEW,0.98,99,CRITICAL,386,1,True
PRJ-SYNTH-03151,Highway,105,63,8,1,45,43,17,APPROVED,0.96,86,CRITICAL,302,1,True
PRJ-SYNTH-03152,Highway,310,156,7,2,32,21,7,APPROVED,0.98,99,CRITICAL,334,1,True
PRJ-SYNTH-03153,Urban Infrastructure,45,76,13,2,36,27,0,APPROVED,0.98,99,CRITICAL,380,1,True
PRJ-SYNTH-03154,Energy & Power,78,28,2,2,87,79,73,IN_REVIEW,0.397,43,MEDIUM,0,0,True
PRJ-SYNTH-03155,Highway,200,104,2,2,43,34,29,APPROVED,0.862,70,HIGH,253,1,True
PRJ-SYNTH-03156,Highway,330,158,3,2,70,58,50,APPROVED,0.697,58,MEDIUM,205,1,True
PRJ-SYNTH-03157,Highway,106,51,3,2,15,10,5,APPROVED,0.98,95,CRITICAL,338,1,True
PRJ-SYNTH-03158,Highway,266,143,3,8,52,36,30,APPROVED,0.98,99,CRITICAL,311,1,True
PRJ-SYNTH-03159,Railway,111,58,2,0,41,32,25,APPROVED,0.818,66,HIGH,207,1,True
PRJ-SYNTH-03160,Urban Infrastructure,144,155,8,3,54,35,25,APPROVED,0.98,99,CRITICAL,359,1,True
PRJ-SYNTH-03161,Urban Infrastructure,82,91,10,2,36,22,7,IN_REVIEW,0.98,99,CRITICAL,368,1,True
PRJ-SYNTH-03162,Urban Infrastructure,28,46,13,3,67,62,22,IN_REVIEW,0.98,99,CRITICAL,319,1,True
PRJ-SYNTH-03163,Railway,378,185,7,4,45,39,27,PENDING,0.98,99,CRITICAL,333,1,True
PRJ-SYNTH-03164,Energy & Power,163,49,1,5,91,88,85,APPROVED,0.438,45,MEDIUM,0,0,True
PRJ-SYNTH-03165,Railway,187,89,2,0,9,6,3,IN_REVIEW,0.973,91,CRITICAL,304,1,True
PRJ-SYNTH-03166,Industrial Corridor,620,165,4,4,60,44,34,IN_REVIEW,0.944,82,CRITICAL,291,1,True
PRJ-SYNTH-03167,Urban Infrastructure,94,107,10,3,53,32,20,APPROVED,0.98,99,CRITICAL,357,1,True
PRJ-SYNTH-03168,Highway,114,62,0,3,41,37,34,IN_REVIEW,0.83,67,HIGH,219,1,True
PRJ-SYNTH-03169,Urban Infrastructure,10,11,7,4,54,42,22,IN_REVIEW,0.975,92,CRITICAL,300,1,True
PRJ-SYNTH-03170,Highway,145,77,3,5,72,58,54,APPROVED,0.841,68,HIGH,220,1,True
PRJ-SYNTH-03171,Urban Infrastructure,131,149,8,3,80,56,39,IN_REVIEW,0.975,92,CRITICAL,315,1,True
PRJ-SYNTH-03172,Highway,314,136,6,0,48,37,21,PENDING,0.977,93,CRITICAL,349,1,True
PRJ-SYNTH-03173,Highway,141,84,4,1,48,42,35,APPROVED,0.805,65,HIGH,228,1,True
PRJ-SYNTH-03174,Energy & Power,158,35,4,1,43,37,30,REJECTED,0.968,89,CRITICAL,340,1,True
PRJ-SYNTH-03175,Highway,135,61,6,1,57,56,42,APPROVED,0.889,73,HIGH,267,1,True
PRJ-SYNTH-03176,Energy & Power,149,43,2,3,38,29,28,APPROVED,0.944,82,CRITICAL,277,1,True
PRJ-SYNTH-03177,Highway,136,78,5,0,76,60,48,APPROVED,0.622,54,MEDIUM,191,1,True
PRJ-SYNTH-03178,Urban Infrastructure,75,84,13,2,4,1,0,APPROVED,0.98,99,CRITICAL,338,1,True
PRJ-SYNTH-03179,Urban Infrastructure,133,126,7,0,52,38,30,APPROVED,0.949,83,CRITICAL,274,1,True
PRJ-SYNTH-03180,Railway,181,89,3,6,26,24,12,IN_REVIEW,0.98,99,CRITICAL,341,1,True
PRJ-SYNTH-03181,Highway,124,60,3,2,59,43,42,APPROVED,0.897,74,HIGH,270,1,True
PRJ-SYNTH-03182,Highway,215,98,4,2,79,70,55,APPROVED,0.731,60,HIGH,201,1,True
PRJ-SYNTH-03183,Highway,250,148,3,1,65,62,57,APPROVED,0.458,46,MEDIUM,157,1,True
PRJ-SYNTH-03184,Highway,85,52,1,1,48,30,32,APPROVED,0.862,70,HIGH,236,1,True
PRJ-SYNTH-03185,Urban Infrastructure,160,173,4,6,76,54,40,APPROVED,0.96,86,CRITICAL,321,1,True
PRJ-SYNTH-03186,Industrial Corridor,294,80,4,1,0,0,0,APPROVED,0.98,99,CRITICAL,343,1,True
PRJ-SYNTH-03187,Energy & Power,182,48,3,1,58,39,37,APPROVED,0.897,74,HIGH,254,1,True
PRJ-SYNTH-03188,Urban Infrastructure,24,27,7,0,33,19,5,IN_REVIEW,0.98,99,CRITICAL,342,1,True
PRJ-SYNTH-03189,Urban Infrastructure,21,19,9,1,63,49,21,APPROVED,0.98,97,CRITICAL,344,1,True
PRJ-SYNTH-03190,Urban Infrastructure,20,27,8,0,0,0,0,APPROVED,0.98,99,CRITICAL,347,1,True
PRJ-SYNTH-03191,Highway,296,155,1,0,51,41,33,APPROVED,0.661,56,MEDIUM,210,1,True
PRJ-SYNTH-03192,Industrial Corridor,777,212,0,0,48,42,43,IN_REVIEW,0.542,50,MEDIUM,169,1,True
PRJ-SYNTH-03193,Urban Infrastructure,121,125,5,4,80,54,41,APPROVED,0.905,75,HIGH,289,1,True
PRJ-SYNTH-03194,Railway,265,131,3,3,40,23,22,APPROVED,0.977,93,CRITICAL,314,1,True
PRJ-SYNTH-03195,Highway,294,151,3,3,54,32,28,IN_REVIEW,0.956,85,CRITICAL,299,1,True
PRJ-SYNTH-03196,Railway,262,136,9,2,53,40,19,IN_REVIEW,0.98,99,CRITICAL,353,1,True
PRJ-SYNTH-03197,Railway,59,28,5,3,56,53,31,APPROVED,0.956,85,CRITICAL,297,1,True
PRJ-SYNTH-03198,Energy & Power,283,61,3,0,59,57,43,IN_REVIEW,0.763,62,HIGH,217,1,True
PRJ-SYNTH-03199,Railway,273,164,4,2,60,39,35,APPROVED,0.918,77,HIGH,256,1,True
PRJ-SYNTH-03200,Railway,256,117,2,0,61,39,39,APPROVED,0.603,53,MEDIUM,195,1,True
PRJ-SYNTH-03201,Industrial Corridor,544,139,3,1,100,72,76,IN_REVIEW,0.339,40,MEDIUM,0,0,True
PRJ-SYNTH-03202,Highway,248,114,0,3,20,14,15,IN_REVIEW,0.971,90,CRITICAL,315,1,True
PRJ-SYNTH-03203,Railway,171,102,4,5,39,34,25,PENDING,0.98,99,CRITICAL,317,1,True
PRJ-SYNTH-03204,Highway,248,136,7,3,53,46,25,APPROVED,0.98,98,CRITICAL,351,1,True
PRJ-SYNTH-03205,Urban Infrastructure,70,91,4,4,86,82,61,APPROVED,0.777,63,HIGH,229,1,True
PRJ-SYNTH-03206,Industrial Corridor,968,228,0,3,88,80,59,IN_REVIEW,0.562,51,MEDIUM,137,1,True
PRJ-SYNTH-03207,Highway,201,91,2,8,87,66,51,APPROVED,0.852,69,HIGH,251,1,True
PRJ-SYNTH-03208,Energy & Power,385,86,1,1,62,36,37,PENDING,0.897,74,HIGH,255,1,True
PRJ-SYNTH-03209,Highway,223,106,8,3,84,57,37,APPROVED,0.935,80,CRITICAL,255,1,True
PRJ-SYNTH-03210,Industrial Corridor,795,206,3,5,45,35,31,APPROVED,0.98,97,CRITICAL,324,1,True
PRJ-SYNTH-03211,Urban Infrastructure,10,20,20,2,57,45,6,APPROVED,0.98,99,CRITICAL,327,1,True
PRJ-SYNTH-03212,Energy & Power,393,108,5,2,62,42,41,APPROVED,0.912,76,HIGH,253,1,True
PRJ-SYNTH-03213,Highway,80,42,4,3,64,41,42,APPROVED,0.918,77,HIGH,277,1,True
PRJ-SYNTH-03214,Industrial Corridor,456,113,1,3,30,19,22,APPROVED,0.956,85,CRITICAL,306,1,True
PRJ-SYNTH-03215,Urban Infrastructure,103,148,10,2,5,2,0,APPROVED,0.98,99,CRITICAL,355,1,True
PRJ-SYNTH-03216,Highway,186,96,1,3,56,52,43,APPROVED,0.661,56,MEDIUM,192,1,True
PRJ-SYNTH-03217,Energy & Power,85,38,6,1,53,46,28,APPROVED,0.905,75,HIGH,301,1,True
PRJ-SYNTH-03218,Highway,139,68,1,2,35,28,29,APPROVED,0.905,75,HIGH,225,1,True
PRJ-SYNTH-03219,Energy & Power,382,102,3,0,83,49,48,APPROVED,0.714,59,MEDIUM,191,1,True
PRJ-SYNTH-03220,Highway,198,93,3,2,39,35,21,IN_REVIEW,0.96,86,CRITICAL,304,1,True
PRJ-SYNTH-03221,Urban Infrastructure,67,90,10,2,64,51,24,APPROVED,0.98,99,CRITICAL,336,1,True
PRJ-SYNTH-03222,Railway,206,125,8,2,45,37,17,IN_REVIEW,0.98,99,CRITICAL,342,1,True
PRJ-SYNTH-03223,Highway,265,125,3,3,80,48,50,APPROVED,0.714,59,MEDIUM,207,1,True
PRJ-SYNTH-03224,Highway,176,85,4,6,29,26,16,APPROVED,0.98,99,CRITICAL,342,1,True
PRJ-SYNTH-03225,Highway,243,139,3,2,20,17,11,PENDING,0.98,99,CRITICAL,325,1,True
PRJ-SYNTH-03226,Railway,197,118,5,1,70,65,50,APPROVED,0.697,58,MEDIUM,215,1,True
PRJ-SYNTH-03227,Highway,434,212,3,1,81,63,55,APPROVED,0.731,60,HIGH,222,1,True
PRJ-SYNTH-03228,Railway,479,239,3,2,68,49,35,APPROVED,0.862,70,HIGH,268,1,True
PRJ-SYNTH-03229,Highway,197,93,6,0,33,19,11,APPROVED,0.966,88,CRITICAL,279,1,True
PRJ-SYNTH-03230,Highway,217,105,2,1,78,51,42,PENDING,0.777,63,HIGH,232,1,True
PRJ-SYNTH-03231,Urban Infrastructure,45,53,5,2,71,48,40,PENDING,0.953,84,CRITICAL,281,1,True
PRJ-SYNTH-03232,Highway,252,134,2,4,33,19,21,REJECTED,0.98,99,CRITICAL,344,1,True
PRJ-SYNTH-03233,Industrial Corridor,311,81,4,0,70,45,42,APPROVED,0.562,51,MEDIUM,168,1,True
PRJ-SYNTH-03234,Energy & Power,469,109,3,2,64,60,41,PENDING,0.944,82,CRITICAL,272,1,True
PRJ-SYNTH-03235,Urban Infrastructure,95,93,7,2,57,45,34,APPROVED,0.963,87,CRITICAL,313,1,True
PRJ-SYNTH-03236,Railway,180,92,7,2,19,16,0,APPROVED,0.98,99,CRITICAL,371,1,True
PRJ-SYNTH-03237,Energy & Power,464,109,2,1,82,57,56,APPROVED,0.714,59,MEDIUM,236,1,True
PRJ-SYNTH-03238,Highway,417,235,0,2,51,30,36,APPROVED,0.83,67,HIGH,250,1,True
PRJ-SYNTH-03239,Highway,222,111,2,0,45,32,31,IN_REVIEW,0.924,78,HIGH,256,1,True
PRJ-SYNTH-03240,Highway,125,72,2,2,73,66,46,APPROVED,0.731,60,HIGH,208,1,True
PRJ-SYNTH-03241,Urban Infrastructure,68,69,6,7,50,35,28,APPROVED,0.98,99,CRITICAL,345,1,True
PRJ-SYNTH-03242,Highway,237,117,5,6,21,13,2,REJECTED,0.98,99,CRITICAL,354,1,True
PRJ-SYNTH-03243,Railway,321,178,4,4,97,57,48,IN_REVIEW,0.924,78,HIGH,284,1,True
PRJ-SYNTH-03244,Industrial Corridor,522,122,2,2,67,55,47,APPROVED,0.777,63,HIGH,213,1,True
PRJ-SYNTH-03245,Energy & Power,285,75,3,2,59,44,35,APPROVED,0.912,76,HIGH,284,1,True
PRJ-SYNTH-03246,Railway,443,203,5,7,56,37,23,APPROVED,0.98,99,CRITICAL,381,1,True
PRJ-SYNTH-03247,Highway,99,51,6,2,56,44,25,APPROVED,0.96,86,CRITICAL,306,1,True
PRJ-SYNTH-03248,Energy & Power,115,33,1,1,65,56,48,APPROVED,0.458,46,MEDIUM,152,1,True
PRJ-SYNTH-03249,Railway,214,122,5,1,86,58,58,IN_REVIEW,0.841,68,HIGH,254,1,True
PRJ-SYNTH-03250,Highway,168,77,9,2,91,75,43,APPROVED,0.897,74,HIGH,275,1,True
PRJ-SYNTH-03251,Highway,268,141,5,1,50,33,20,APPROVED,0.944,82,CRITICAL,297,1,True
PRJ-SYNTH-03252,Industrial Corridor,1127,277,4,0,75,71,60,APPROVED,0.378,42,MEDIUM,0,0,True
PRJ-SYNTH-03253,Urban Infrastructure,37,43,13,1,61,54,22,APPROVED,0.98,99,CRITICAL,367,1,True
PRJ-SYNTH-03254,Energy & Power,243,58,4,4,76,63,48,IN_REVIEW,0.862,70,HIGH,230,1,True
PRJ-SYNTH-03255,Energy & Power,371,106,3,1,92,60,57,IN_REVIEW,0.661,56,MEDIUM,195,1,True
PRJ-SYNTH-03256,Railway,629,311,2,0,83,66,57,APPROVED,0.458,46,MEDIUM,189,1,True
PRJ-SYNTH-03257,Railway,307,137,4,2,69,62,53,IN_REVIEW,0.912,76,HIGH,265,1,True
PRJ-SYNTH-03258,Railway,314,161,5,6,41,35,16,APPROVED,0.98,99,CRITICAL,346,1,True
PRJ-SYNTH-03259,Highway,223,110,5,7,65,58,41,REJECTED,0.98,99,CRITICAL,349,1,True
PRJ-SYNTH-03260,Railway,247,112,3,1,34,23,15,APPROVED,0.963,87,CRITICAL,290,1,True
PRJ-SYNTH-03261,Urban Infrastructure,71,94,15,4,54,38,6,APPROVED,0.98,99,CRITICAL,329,1,True
PRJ-SYNTH-03262,Urban Infrastructure,14,21,19,0,44,35,0,APPROVED,0.98,99,CRITICAL,338,1,True
PRJ-SYNTH-03263,Energy & Power,159,38,3,3,24,16,10,APPROVED,0.979,94,CRITICAL,326,1,True
PRJ-SYNTH-03264,Railway,347,187,5,4,45,27,22,APPROVED,0.98,98,CRITICAL,360,1,True
PRJ-SYNTH-03265,Urban Infrastructure,36,57,8,3,34,26,10,IN_REVIEW,0.98,99,CRITICAL,350,1,True
PRJ-SYNTH-03266,Urban Infrastructure,108,118,4,2,76,44,48,IN_REVIEW,0.763,62,HIGH,239,1,True
PRJ-SYNTH-03267,Railway,125,79,5,4,50,44,34,PENDING,0.98,99,CRITICAL,354,1,True
PRJ-SYNTH-03268,Urban Infrastructure,106,124,16,12,5,3,0,APPROVED,0.98,99,CRITICAL,359,1,True
PRJ-SYNTH-03269,Highway,266,125,3,0,71,57,45,APPROVED,0.679,57,MEDIUM,208,1,True
PRJ-SYNTH-03270,Railway,634,314,1,0,68,57,42,IN_REVIEW,0.622,54,MEDIUM,212,1,True
PRJ-SYNTH-03271,Highway,157,94,4,5,62,51,32,APPROVED,0.949,83,CRITICAL,291,1,True
PRJ-SYNTH-03272,Railway,283,147,2,2,34,28,18,APPROVED,0.935,80,CRITICAL,281,1,True
PRJ-SYNTH-03273,Railway,507,260,4,6,73,43,49,APPROVED,0.956,85,CRITICAL,281,1,True
PRJ-SYNTH-03274,Urban Infrastructure,140,135,9,2,48,44,25,IN_REVIEW,0.98,99,CRITICAL,359,1,True
PRJ-SYNTH-03275,Industrial Corridor,1085,274,4,1,54,43,31,IN_REVIEW,0.94,81,CRITICAL,276,1,True
PRJ-SYNTH-03276,Urban Infrastructure,81,97,7,4,23,18,3,REJECTED,0.98,99,CRITICAL,357,1,True
PRJ-SYNTH-03277,Urban Infrastructure,148,141,9,4,20,13,0,IN_REVIEW,0.98,99,CRITICAL,349,1,True
PRJ-SYNTH-03278,Railway,728,314,3,2,100,57,61,IN_REVIEW,0.697,58,MEDIUM,185,1,True
PRJ-SYNTH-03279,Urban Infrastructure,94,93,6,1,27,25,9,REJECTED,0.98,99,CRITICAL,347,1,True
PRJ-SYNTH-03280,Highway,190,105,4,0,6,4,0,APPROVED,0.98,99,CRITICAL,340,1,True
PRJ-SYNTH-03281,Highway,256,134,7,1,44,39,17,IN_REVIEW,0.98,95,CRITICAL,311,1,True
PRJ-SYNTH-03282,Railway,305,154,3,4,55,51,45,APPROVED,0.94,81,CRITICAL,288,1,True
PRJ-SYNTH-03283,Railway,252,136,3,0,37,22,18,APPROVED,0.935,80,CRITICAL,305,1,True
PRJ-SYNTH-03284,Highway,272,125,0,0,44,27,32,PENDING,0.924,78,HIGH,258,1,True
PRJ-SYNTH-03285,Highway,146,90,7,0,51,47,28,PENDING,0.971,90,CRITICAL,274,1,True
PRJ-SYNTH-03286,Highway,241,130,4,1,68,41,42,APPROVED,0.714,59,MEDIUM,237,1,True
PRJ-SYNTH-03287,Industrial Corridor,420,126,4,2,23,13,6,APPROVED,0.98,99,CRITICAL,322,1,True
PRJ-SYNTH-03288,Highway,376,193,6,3,46,40,27,IN_REVIEW,0.98,99,CRITICAL,372,1,True
PRJ-SYNTH-03289,Railway,201,107,1,2,63,50,50,APPROVED,0.458,46,MEDIUM,180,1,True
PRJ-SYNTH-03290,Highway,93,68,8,2,47,34,13,PENDING,0.98,99,CRITICAL,347,1,True
PRJ-SYNTH-03291,Urban Infrastructure,137,137,10,0,32,24,0,IN_REVIEW,0.98,99,CRITICAL,336,1,True
PRJ-SYNTH-03292,Highway,355,165,4,2,33,29,22,APPROVED,0.96,86,CRITICAL,318,1,True
PRJ-SYNTH-03293,Highway,215,96,2,2,100,89,65,IN_REVIEW,0.562,51,MEDIUM,180,1,True
PRJ-SYNTH-03294,Railway,272,144,1,3,5,2,1,IN_REVIEW,0.98,99,CRITICAL,374,1,True
PRJ-SYNTH-03295,Highway,159,87,2,1,87,85,75,APPROVED,0.378,42,MEDIUM,0,0,True
PRJ-SYNTH-03296,Highway,210,112,2,2,33,25,16,APPROVED,0.963,87,CRITICAL,331,1,True
PRJ-SYNTH-03297,Highway,183,107,4,1,65,38,39,PENDING,0.953,84,CRITICAL,306,1,True
PRJ-SYNTH-03298,Highway,172,75,2,0,63,47,41,APPROVED,0.661,56,MEDIUM,215,1,True
PRJ-SYNTH-03299,Highway,121,77,5,6,31,19,9,APPROVED,0.98,99,CRITICAL,351,1,True
PRJ-SYNTH-03300,Highway,104,59,4,5,54,34,31,IN_REVIEW,0.977,93,CRITICAL,324,1,True
PRJ-SYNTH-03301,Energy & Power,230,64,4,6,49,33,30,APPROVED,0.973,91,CRITICAL,312,1,True
PRJ-SYNTH-03302,Railway,311,154,3,3,61,44,39,APPROVED,0.94,81,CRITICAL,269,1,True
PRJ-SYNTH-03303,Railway,206,101,6,0,88,68,62,APPROVED,0.562,51,MEDIUM,176,1,True
PRJ-SYNTH-03304,Highway,140,80,6,3,91,59,41,APPROVED,0.872,71,HIGH,233,1,True
PRJ-SYNTH-03305,Industrial Corridor,832,206,2,4,42,28,28,APPROVED,0.935,80,CRITICAL,273,1,True
PRJ-SYNTH-03306,Railway,189,112,1,1,72,50,43,APPROVED,0.642,55,MEDIUM,196,1,True
PRJ-SYNTH-03307,Highway,294,145,4,1,84,61,48,PENDING,0.791,64,HIGH,231,1,True
PRJ-SYNTH-03308,Urban Infrastructure,90,97,17,5,28,17,0,PENDING,0.98,99,CRITICAL,367,1,True
PRJ-SYNTH-03309,Highway,130,68,3,3,75,56,45,APPROVED,0.777,63,HIGH,224,1,True
PRJ-SYNTH-03310,Highway,231,138,5,4,100,80,57,APPROVED,0.791,64,HIGH,231,1,True
PRJ-SYNTH-03311,Railway,191,103,0,3,36,21,27,APPROVED,0.953,84,CRITICAL,290,1,True
PRJ-SYNTH-03312,Energy & Power,328,93,7,1,66,52,43,APPROVED,0.862,70,HIGH,245,1,True
PRJ-SYNTH-03313,Railway,194,100,4,3,33,28,13,IN_REVIEW,0.98,98,CRITICAL,344,1,True
PRJ-SYNTH-03314,Urban Infrastructure,62,87,15,0,26,14,0,IN_REVIEW,0.98,99,CRITICAL,378,1,True
PRJ-SYNTH-03315,Industrial Corridor,808,233,3,4,48,27,22,APPROVED,0.977,93,CRITICAL,331,1,True
PRJ-SYNTH-03316,Highway,352,182,5,3,68,51,47,APPROVED,0.924,78,HIGH,255,1,True
PRJ-SYNTH-03317,Highway,127,56,2,0,100,94,77,IN_REVIEW,0.17,29,LOW,0,0,True
PRJ-SYNTH-03318,Railway,196,108,5,6,42,40,24,APPROVED,0.98,99,CRITICAL,333,1,True
PRJ-SYNTH-03319,Railway,143,68,4,1,84,52,52,APPROVED,0.661,56,MEDIUM,186,1,True
PRJ-SYNTH-03320,Railway,569,302,5,3,34,17,8,IN_REVIEW,0.98,99,CRITICAL,347,1,True
PRJ-SYNTH-03321,Industrial Corridor,776,204,0,2,54,35,32,APPROVED,0.862,70,HIGH,251,1,True
PRJ-SYNTH-03322,Urban Infrastructure,121,127,8,0,85,65,47,APPROVED,0.818,66,HIGH,236,1,True
PRJ-SYNTH-03323,Urban Infrastructure,45,51,5,2,81,66,62,APPROVED,0.697,58,MEDIUM,192,1,True
PRJ-SYNTH-03324,Highway,147,79,3,2,50,48,40,APPROVED,0.852,69,HIGH,218,1,True
PRJ-SYNTH-03325,Energy & Power,214,58,3,3,45,42,36,APPROVED,0.924,78,HIGH,271,1,True
PRJ-SYNTH-03326,Industrial Corridor,762,184,2,1,73,58,44,PENDING,0.881,72,HIGH,251,1,True
PRJ-SYNTH-03327,Energy & Power,308,75,0,2,48,34,40,APPROVED,0.818,66,HIGH,229,1,True
PRJ-SYNTH-03328,Highway,192,105,3,2,48,33,31,APPROVED,0.93,79,HIGH,279,1,True
PRJ-SYNTH-03329,Urban Infrastructure,52,75,10,0,39,31,7,APPROVED,0.98,99,CRITICAL,340,1,True
PRJ-SYNTH-03330,Highway,402,185,4,2,54,46,39,APPROVED,0.905,75,HIGH,276,1,True
PRJ-SYNTH-03331,Highway,120,74,1,0,48,37,37,PENDING,0.852,69,HIGH,251,1,True
PRJ-SYNTH-03332,Highway,127,81,0,6,24,16,18,APPROVED,0.98,97,CRITICAL,351,1,True
PRJ-SYNTH-03333,Urban Infrastructure,37,42,13,3,84,70,44,IN_REVIEW,0.98,99,CRITICAL,368,1,True
PRJ-SYNTH-03334,Urban Infrastructure,100,103,9,1,72,58,43,IN_REVIEW,0.977,93,CRITICAL,332,1,True
PRJ-SYNTH-03335,Highway,228,95,1,0,61,46,50,APPROVED,0.583,52,MEDIUM,182,1,True
PRJ-SYNTH-03336,Railway,264,142,5,2,39,33,16,IN_REVIEW,0.98,99,CRITICAL,344,1,True
PRJ-SYNTH-03337,Railway,187,103,4,3,89,62,67,APPROVED,0.603,53,MEDIUM,196,1,True
PRJ-SYNTH-03338,Railway,300,143,4,3,70,54,51,APPROVED,0.818,66,HIGH,232,1,True
PRJ-SYNTH-03339,Highway,272,154,6,0,39,36,19,APPROVED,0.949,83,CRITICAL,263,1,True
PRJ-SYNTH-03340,Railway,515,269,4,4,71,60,40,APPROVED,0.918,77,HIGH,260,1,True
PRJ-SYNTH-03341,Urban Infrastructure,44,56,9,5,53,39,20,APPROVED,0.98,99,CRITICAL,368,1,True
PRJ-SYNTH-03342,Highway,173,92,2,6,65,52,50,IN_REVIEW,0.924,78,HIGH,245,1,True
PRJ-SYNTH-03343,Highway,227,117,1,2,85,63,63,IN_REVIEW,0.397,43,MEDIUM,0,0,True
PRJ-SYNTH-03344,Railway,240,116,5,1,70,43,34,APPROVED,0.924,78,HIGH,281,1,True
PRJ-SYNTH-03345,Industrial Corridor,456,130,1,2,84,60,57,IN_REVIEW,0.562,51,MEDIUM,177,1,True
PRJ-SYNTH-03346,Urban Infrastructure,60,69,5,2,100,93,85,APPROVED,0.378,42,MEDIUM,0,0,True
PRJ-SYNTH-03347,Urban Infrastructure,28,30,7,0,69,53,43,REJECTED,0.975,92,CRITICAL,306,1,True
PRJ-SYNTH-03348,Railway,414,182,8,2,100,81,50,PENDING,0.956,85,CRITICAL,300,1,True
PRJ-SYNTH-03349,Railway,248,122,1,3,93,61,64,APPROVED,0.397,43,MEDIUM,0,0,True
PRJ-SYNTH-03350,Highway,181,90,4,0,52,37,35,IN_REVIEW,0.912,76,HIGH,289,1,True
PRJ-SYNTH-03351,Urban Infrastructure,40,60,10,2,12,11,0,PENDING,0.98,99,CRITICAL,353,1,True
PRJ-SYNTH-03352,Industrial Corridor,760,205,4,2,89,62,45,APPROVED,0.763,62,HIGH,211,1,True
PRJ-SYNTH-03353,Urban Infrastructure,133,173,12,2,14,8,0,APPROVED,0.98,99,CRITICAL,350,1,True
PRJ-SYNTH-03354,Energy & Power,369,94,0,5,68,41,47,APPROVED,0.83,67,HIGH,224,1,True
PRJ-SYNTH-03355,Urban Infrastructure,31,50,11,6,66,41,16,APPROVED,0.98,99,CRITICAL,343,1,True
PRJ-SYNTH-03356,Highway,36,17,2,0,35,29,27,PENDING,0.953,84,CRITICAL,267,1,True
PRJ-SYNTH-03357,Industrial Corridor,726,199,0,2,49,40,38,PENDING,0.949,83,CRITICAL,285,1,True
PRJ-SYNTH-03358,Highway,162,89,2,0,35,29,23,PENDING,0.956,85,CRITICAL,305,1,True
PRJ-SYNTH-03359,Railway,242,129,4,8,100,80,67,APPROVED,0.872,71,HIGH,245,1,True
PRJ-SYNTH-03360,Highway,142,59,2,3,80,63,61,APPROVED,0.622,54,MEDIUM,202,1,True
PRJ-SYNTH-03361,Highway,107,52,3,7,42,25,22,APPROVED,0.98,99,CRITICAL,365,1,True
PRJ-SYNTH-03362,Railway,653,312,5,0,18,13,3,PENDING,0.98,99,CRITICAL,357,1,True
PRJ-SYNTH-03363,Highway,398,202,3,3,38,28,21,IN_REVIEW,0.98,98,CRITICAL,372,1,True
PRJ-SYNTH-03364,Railway,238,122,5,2,41,25,19,REJECTED,0.98,99,CRITICAL,362,1,True
PRJ-SYNTH-03365,Railway,298,155,4,0,45,27,25,PENDING,0.971,90,CRITICAL,315,1,True
PRJ-SYNTH-03366,Highway,285,123,2,1,81,63,64,APPROVED,0.642,55,MEDIUM,189,1,True
PRJ-SYNTH-03367,Highway,197,97,1,2,28,18,19,APPROVED,0.918,77,HIGH,263,1,True
PRJ-SYNTH-03368,Railway,230,121,4,2,86,82,55,APPROVED,0.642,55,MEDIUM,181,1,True
PRJ-SYNTH-03369,Highway,95,64,8,3,7,4,0,IN_REVIEW,0.98,99,CRITICAL,351,1,True
PRJ-SYNTH-03370,Urban Infrastructure,67,80,9,1,49,47,27,PENDING,0.98,96,CRITICAL,330,1,True
PRJ-SYNTH-03371,Urban Infrastructure,28,28,4,2,41,36,19,APPROVED,0.93,79,HIGH,256,1,True
PRJ-SYNTH-03372,Energy & Power,388,129,3,1,85,77,55,PENDING,0.603,53,MEDIUM,197,1,True
PRJ-SYNTH-03373,Urban Infrastructure,65,81,8,1,89,66,50,APPROVED,0.881,72,HIGH,243,1,True
PRJ-SYNTH-03374,Railway,349,156,4,0,79,50,53,APPROVED,0.542,50,MEDIUM,152,1,True
PRJ-SYNTH-03375,Urban Infrastructure,54,50,12,4,58,50,28,IN_REVIEW,0.98,99,CRITICAL,363,1,True
PRJ-SYNTH-03376,Highway,267,152,6,4,49,35,25,APPROVED,0.98,97,CRITICAL,356,1,True
PRJ-SYNTH-03377,Highway,137,83,3,0,94,91,85,APPROVED,0.148,27,LOW,0,0,True
PRJ-SYNTH-03378,Urban Infrastructure,79,75,5,4,32,20,13,IN_REVIEW,0.98,99,CRITICAL,338,1,True
PRJ-SYNTH-03379,Railway,242,121,0,1,76,63,59,IN_REVIEW,0.358,41,MEDIUM,0,0,True
PRJ-SYNTH-03380,Urban Infrastructure,58,71,12,1,74,69,28,APPROVED,0.98,96,CRITICAL,326,1,True
PRJ-SYNTH-03381,Energy & Power,351,98,2,0,84,62,56,APPROVED,0.358,41,MEDIUM,0,0,True
PRJ-SYNTH-03382,Energy & Power,144,49,0,1,78,76,72,APPROVED,0.253,35,MEDIUM,0,0,True
PRJ-SYNTH-03383,Industrial Corridor,870,205,2,0,74,44,42,APPROVED,0.521,49,MEDIUM,165,1,True
PRJ-SYNTH-03384,Railway,473,244,4,0,81,65,55,APPROVED,0.521,49,MEDIUM,195,1,True
PRJ-SYNTH-03385,Highway,278,126,1,3,60,53,54,APPROVED,0.661,56,MEDIUM,198,1,True
PRJ-SYNTH-03386,Railway,217,110,5,1,93,62,48,APPROVED,0.697,58,MEDIUM,194,1,True
PRJ-SYNTH-03387,Railway,346,164,5,3,100,60,48,APPROVED,0.777,63,HIGH,223,1,True
PRJ-SYNTH-03388,Urban Infrastructure,18,33,14,2,0,0,0,IN_REVIEW,0.98,99,CRITICAL,326,1,True
PRJ-SYNTH-03389,Urban Infrastructure,116,124,6,6,46,32,15,IN_REVIEW,0.98,99,CRITICAL,347,1,True
PRJ-SYNTH-03390,Urban Infrastructure,242,264,11,1,20,11,0,APPROVED,0.98,99,CRITICAL,336,1,True
PRJ-SYNTH-03391,Railway,320,162,5,4,41,26,16,APPROVED,0.98,99,CRITICAL,348,1,True
PRJ-SYNTH-03392,Highway,334,173,4,3,62,46,41,APPROVED,0.889,73,HIGH,262,1,True
PRJ-SYNTH-03393,Railway,151,88,3,3,72,44,36,APPROVED,0.93,79,HIGH,268,1,True
PRJ-SYNTH-03394,Highway,112,79,6,1,51,50,28,PENDING,0.973,91,CRITICAL,322,1,True
PRJ-SYNTH-03395,Energy & Power,184,62,3,2,76,66,44,APPROVED,0.661,56,MEDIUM,185,1,True
PRJ-SYNTH-03396,Highway,173,104,4,1,40,23,16,APPROVED,0.944,82,CRITICAL,271,1,True
PRJ-SYNTH-03397,Highway,214,105,2,2,51,43,35,APPROVED,0.841,68,HIGH,251,1,True
PRJ-SYNTH-03398,Highway,139,70,6,1,72,65,39,APPROVED,0.862,70,HIGH,260,1,True
PRJ-SYNTH-03399,Urban Infrastructure,72,93,12,2,38,24,3,APPROVED,0.98,99,CRITICAL,349,1,True
PRJ-SYNTH-03400,Urban Infrastructure,114,121,9,1,19,16,0,IN_REVIEW,0.98,99,CRITICAL,358,1,True
PRJ-SYNTH-03401,Highway,232,114,4,5,100,83,76,APPROVED,0.562,51,MEDIUM,155,1,True
PRJ-SYNTH-03402,Highway,157,85,4,1,82,75,68,APPROVED,0.583,52,MEDIUM,194,1,True
PRJ-SYNTH-03403,Railway,381,229,5,5,61,51,35,IN_REVIEW,0.979,94,CRITICAL,350,1,True
PRJ-SYNTH-03404,Highway,153,94,3,4,82,71,59,IN_REVIEW,0.818,66,HIGH,240,1,True
PRJ-SYNTH-03405,Urban Infrastructure,70,92,10,1,60,38,21,APPROVED,0.98,98,CRITICAL,341,1,True
PRJ-SYNTH-03406,Urban Infrastructure,111,116,10,1,10,6,0,APPROVED,0.98,99,CRITICAL,326,1,True
PRJ-SYNTH-03407,Railway,262,116,4,1,62,49,47,IN_REVIEW,0.918,77,HIGH,277,1,True
PRJ-SYNTH-03408,Highway,100,55,1,3,45,28,31,APPROVED,0.905,75,HIGH,270,1,True
PRJ-SYNTH-03409,Industrial Corridor,782,205,0,2,67,50,44,APPROVED,0.583,52,MEDIUM,198,1,True
PRJ-SYNTH-03410,Railway,407,210,3,2,70,52,49,APPROVED,0.897,74,HIGH,254,1,True
PRJ-SYNTH-03411,Urban Infrastructure,117,125,4,3,82,55,52,APPROVED,0.852,69,HIGH,232,1,True
PRJ-SYNTH-03412,Highway,110,49,4,4,34,22,13,APPROVED,0.98,99,CRITICAL,335,1,True
PRJ-SYNTH-03413,Railway,374,194,3,0,36,23,16,IN_REVIEW,0.953,84,CRITICAL,280,1,True
PRJ-SYNTH-03414,Highway,166,100,4,0,47,38,30,IN_REVIEW,0.881,72,HIGH,259,1,True
PRJ-SYNTH-03415,Railway,496,276,4,0,95,70,69,APPROVED,0.458,46,MEDIUM,160,1,True
PRJ-SYNTH-03416,Industrial Corridor,481,127,0,6,55,40,44,APPROVED,0.912,76,HIGH,273,1,True
PRJ-SYNTH-03417,Railway,372,182,3,4,73,47,46,APPROVED,0.935,80,CRITICAL,282,1,True
PRJ-SYNTH-03418,Highway,158,72,5,1,56,50,42,IN_REVIEW,0.912,76,HIGH,259,1,True
PRJ-SYNTH-03419,Highway,140,62,4,1,49,42,33,IN_REVIEW,0.912,76,HIGH,252,1,True
PRJ-SYNTH-03420,Railway,413,201,6,1,59,43,31,APPROVED,0.96,86,CRITICAL,320,1,True
PRJ-SYNTH-03421,Highway,302,167,4,0,78,49,51,IN_REVIEW,0.747,61,HIGH,216,1,True
PRJ-SYNTH-03422,Highway,63,35,3,2,77,67,50,APPROVED,0.603,53,MEDIUM,203,1,True
PRJ-SYNTH-03423,Urban Infrastructure,115,145,7,0,24,21,3,PENDING,0.98,99,CRITICAL,353,1,True
PRJ-SYNTH-03424,Railway,275,148,9,3,59,38,30,APPROVED,0.98,99,CRITICAL,341,1,True
PRJ-SYNTH-03425,Highway,189,113,5,3,98,81,78,APPROVED,0.583,52,MEDIUM,175,1,True
PRJ-SYNTH-03426,Industrial Corridor,472,110,0,1,72,54,60,APPROVED,0.286,37,MEDIUM,0,0,True
PRJ-SYNTH-03427,Highway,244,127,4,3,87,53,45,APPROVED,0.881,72,HIGH,271,1,True
PRJ-SYNTH-03428,Industrial Corridor,1607,381,1,3,100,85,79,IN_REVIEW,0.397,43,MEDIUM,0,0,True
PRJ-SYNTH-03429,Highway,144,82,5,4,61,37,32,APPROVED,0.98,96,CRITICAL,331,1,True
PRJ-SYNTH-03430,Energy & Power,394,102,3,3,58,50,35,APPROVED,0.93,79,HIGH,286,1,True
PRJ-SYNTH-03431,Urban Infrastructure,66,70,5,6,68,47,37,IN_REVIEW,0.973,91,CRITICAL,313,1,True
PRJ-SYNTH-03432,Energy & Power,168,46,1,2,95,78,70,APPROVED,0.303,38,MEDIUM,0,0,True
PRJ-SYNTH-03433,Industrial Corridor,438,119,3,3,56,36,29,IN_REVIEW,0.971,90,CRITICAL,306,1,True
PRJ-SYNTH-03434,Highway,334,174,6,2,27,18,10,REJECTED,0.98,99,CRITICAL,357,1,True
PRJ-SYNTH-03435,Industrial Corridor,797,194,1,0,72,44,47,APPROVED,0.5,48,MEDIUM,183,1,True
PRJ-SYNTH-03436,Railway,233,116,5,3,80,61,50,IN_REVIEW,0.889,73,HIGH,255,1,True
PRJ-SYNTH-03437,Railway,250,166,2,2,71,46,47,APPROVED,0.818,66,HIGH,220,1,True
PRJ-SYNTH-03438,Highway,252,118,9,1,62,40,31,PENDING,0.98,98,CRITICAL,326,1,True
PRJ-SYNTH-03439,Railway,233,101,3,3,59,36,34,APPROVED,0.924,78,HIGH,268,1,True
PRJ-SYNTH-03440,Highway,117,54,1,1,57,51,44,REJECTED,0.944,82,CRITICAL,283,1,True
PRJ-SYNTH-03441,Railway,270,106,3,3,92,77,59,APPROVED,0.397,43,MEDIUM,0,0,True
PRJ-SYNTH-03442,Railway,266,152,5,1,12,6,0,IN_REVIEW,0.98,99,CRITICAL,328,1,True
PRJ-SYNTH-03443,Urban Infrastructure,60,58,3,4,62,48,38,APPROVED,0.912,76,HIGH,271,1,True
PRJ-SYNTH-03444,Energy & Power,173,65,4,2,34,28,19,APPROVED,0.912,76,HIGH,267,1,True
PRJ-SYNTH-03445,Railway,463,232,5,1,56,50,31,IN_REVIEW,0.897,74,HIGH,254,1,True
PRJ-SYNTH-03446,Highway,544,268,2,2,68,39,44,IN_REVIEW,0.905,75,HIGH,262,1,True
PRJ-SYNTH-03447,Highway,110,48,4,1,71,52,46,PENDING,0.881,72,HIGH,259,1,True
PRJ-SYNTH-03448,Highway,58,27,6,3,59,49,33,APPROVED,0.949,83,CRITICAL,298,1,True
PRJ-SYNTH-03449,Highway,167,90,3,4,95,56,49,PENDING,0.897,74,HIGH,277,1,True
PRJ-SYNTH-03450,Highway,62,40,4,4,61,42,37,IN_REVIEW,0.973,91,CRITICAL,337,1,True
PRJ-SYNTH-03451,Highway,84,53,8,3,26,22,6,APPROVED,0.98,99,CRITICAL,354,1,True
PRJ-SYNTH-03452,Industrial Corridor,633,148,3,2,86,62,49,APPROVED,0.747,61,HIGH,211,1,True
PRJ-SYNTH-03453,Railway,372,175,2,4,70,42,36,IN_REVIEW,0.852,69,HIGH,231,1,True
PRJ-SYNTH-03454,Highway,166,87,2,3,38,31,20,PENDING,0.979,94,CRITICAL,341,1,True
PRJ-SYNTH-03455,Railway,88,46,4,1,77,53,38,IN_REVIEW,0.889,73,HIGH,237,1,True
PRJ-SYNTH-03456,Highway,165,79,2,2,48,41,38,IN_REVIEW,0.889,73,HIGH,256,1,True
PRJ-SYNTH-03457,Railway,261,145,3,2,83,78,67,PENDING,0.83,67,HIGH,220,1,True
PRJ-SYNTH-03458,Urban Infrastructure,59,68,9,2,19,14,0,IN_REVIEW,0.98,99,CRITICAL,361,1,True
PRJ-SYNTH-03459,Railway,435,214,6,0,52,41,33,PENDING,0.953,84,CRITICAL,306,1,True
PRJ-SYNTH-03460,Railway,405,212,7,3,65,50,28,IN_REVIEW,0.98,99,CRITICAL,346,1,True
PRJ-SYNTH-03461,Industrial Corridor,786,168,0,3,38,33,28,IN_REVIEW,0.944,82,CRITICAL,330,1,True
PRJ-SYNTH-03462,Energy & Power,551,142,1,2,76,51,51,APPROVED,0.542,50,MEDIUM,163,1,True
PRJ-SYNTH-03463,Urban Infrastructure,47,45,11,1,74,55,24,IN_REVIEW,0.98,99,CRITICAL,353,1,True
PRJ-SYNTH-03464,Railway,268,137,7,0,49,45,23,APPROVED,0.905,75,HIGH,270,1,True
PRJ-SYNTH-03465,Urban Infrastructure,65,75,6,4,65,57,32,APPROVED,0.973,91,CRITICAL,322,1,True
PRJ-SYNTH-03466,Highway,88,59,6,2,36,25,16,APPROVED,0.977,93,CRITICAL,321,1,True
PRJ-SYNTH-03467,Railway,282,140,4,1,100,91,60,IN_REVIEW,0.679,57,MEDIUM,201,1,True
PRJ-SYNTH-03468,Highway,80,47,5,4,57,39,23,APPROVED,0.977,93,CRITICAL,352,1,True
PRJ-SYNTH-03469,Railway,211,116,3,2,68,56,51,APPROVED,0.731,60,HIGH,210,1,True
PRJ-SYNTH-03470,Railway,297,130,5,0,50,47,35,APPROVED,0.83,67,HIGH,244,1,True
PRJ-SYNTH-03471,Highway,96,43,5,2,40,32,20,IN_REVIEW,0.96,86,CRITICAL,276,1,True
PRJ-SYNTH-03472,Industrial Corridor,861,233,2,2,86,76,60,APPROVED,0.479,47,MEDIUM,162,1,True
PRJ-SYNTH-03473,Industrial Corridor,562,146,2,2,1,0,0,APPROVED,0.98,99,CRITICAL,380,1,True
PRJ-SYNTH-03474,Urban Infrastructure,52,76,6,1,10,8,0,APPROVED,0.98,99,CRITICAL,338,1,True
PRJ-SYNTH-03475,Railway,347,190,3,1,68,65,50,APPROVED,0.603,53,MEDIUM,177,1,True
PRJ-SYNTH-03476,Energy & Power,210,82,3,1,51,30,28,APPROVED,0.897,74,HIGH,285,1,True
PRJ-SYNTH-03477,Highway,214,129,7,3,75,44,35,APPROVED,0.956,85,CRITICAL,288,1,True
PRJ-SYNTH-03478,Urban Infrastructure,86,111,9,3,38,30,13,IN_REVIEW,0.98,99,CRITICAL,335,1,True
PRJ-SYNTH-03479,Highway,178,102,3,2,18,16,6,APPROVED,0.979,94,CRITICAL,339,1,True
PRJ-SYNTH-03480,Urban Infrastructure,82,78,7,7,52,40,27,APPROVED,0.98,99,CRITICAL,382,1,True
PRJ-SYNTH-03481,Highway,133,73,3,1,53,48,35,IN_REVIEW,0.83,67,HIGH,248,1,True
PRJ-SYNTH-03482,Energy & Power,281,79,0,2,37,32,26,APPROVED,0.83,67,HIGH,235,1,True
PRJ-SYNTH-03483,Industrial Corridor,704,177,2,4,81,62,60,IN_REVIEW,0.805,65,HIGH,247,1,True
PRJ-SYNTH-03484,Highway,323,163,5,5,66,51,34,REJECTED,0.98,99,CRITICAL,343,1,True
PRJ-SYNTH-03485,Railway,300,136,2,2,37,27,20,IN_REVIEW,0.966,88,CRITICAL,300,1,True
PRJ-SYNTH-03486,Industrial Corridor,624,150,2,0,23,14,14,IN_REVIEW,0.956,85,CRITICAL,319,1,True
PRJ-SYNTH-03487,Railway,348,182,4,3,67,61,53,APPROVED,0.805,65,HIGH,247,1,True
PRJ-SYNTH-03488,Energy & Power,414,110,2,2,38,24,24,APPROVED,0.918,77,HIGH,264,1,True
PRJ-SYNTH-03489,Railway,231,134,8,5,29,26,5,APPROVED,0.98,99,CRITICAL,362,1,True
PRJ-SYNTH-03490,Railway,214,122,5,6,54,38,29,IN_REVIEW,0.98,99,CRITICAL,366,1,True
PRJ-SYNTH-03491,Highway,39,37,3,9,61,36,29,IN_REVIEW,0.98,99,CRITICAL,344,1,True
PRJ-SYNTH-03492,Highway,198,110,7,7,67,43,30,APPROVED,0.98,99,CRITICAL,348,1,True
PRJ-SYNTH-03493,Urban Infrastructure,54,44,6,3,82,77,45,APPROVED,0.714,59,MEDIUM,188,1,True
PRJ-SYNTH-03494,Railway,347,185,7,1,42,25,15,IN_REVIEW,0.98,99,CRITICAL,346,1,True
PRJ-SYNTH-03495,Railway,350,201,7,2,69,59,47,APPROVED,0.935,80,CRITICAL,271,1,True
PRJ-SYNTH-03496,Railway,148,63,4,2,54,35,33,IN_REVIEW,0.93,79,HIGH,273,1,True
PRJ-SYNTH-03497,Railway,404,236,6,1,85,65,59,IN_REVIEW,0.862,70,HIGH,225,1,True
PRJ-SYNTH-03498,Energy & Power,143,36,1,3,42,28,24,APPROVED,0.897,74,HIGH,278,1,True
PRJ-SYNTH-03499,Industrial Corridor,645,185,1,0,76,53,55,APPROVED,0.397,43,MEDIUM,0,0,True
PRJ-SYNTH-03500,Railway,90,55,2,6,41,26,29,APPROVED,0.96,86,CRITICAL,320,1,True
